evidence_id,place_id,field_name,value_json,source_id,source_name,source_url,document_id,document_title,locator,evidence_level,retrieved_at,notes
PEV-14AB656EB6BBAD2028A3,PLC-000001,admin_level,"""山頭／鄉級茶區""",SRC-000013,OpenStreetMap Nominatim,https://nominatim.openstreetmap.org/lookup?osm_ids=R18628440&format=jsonv2,,,OpenStreetMap relation 18628440; Bulangshan Blang Ethnic Township label point,C,2026-08-01T07:58:19+00:00,"同名行政鄉標籤點與茶區名稱對齊；不聲稱為茶區邊界。Data © OpenStreetMap contributors, ODbL 1.0."
PEV-SITE-840FCDCB76C4F8C8,PLC-000001,admin_level,"""山頭／鄉級茶區""",SRC-000013,OpenStreetMap Nominatim,https://www.openstreetmap.org/relation/18628440,,,OpenStreetMap relation 18628440（布朗山布朗族鄉）,C,2026-09-12T07:43:33+00:00,策展來源支持名稱、地理層級或包含關係；欄位採知識庫受控值，並不構成產品產地證明。
PEV-81155CF389BDB5959F52,PLC-000001,latitude,21.5856063,SRC-000013,OpenStreetMap Nominatim,https://nominatim.openstreetmap.org/lookup?osm_ids=R18628440&format=jsonv2,,,OpenStreetMap relation 18628440; Bulangshan Blang Ethnic Township label point,C,2026-08-01T07:58:19+00:00,"同名行政鄉標籤點與茶區名稱對齊；不聲稱為茶區邊界。Data © OpenStreetMap contributors, ODbL 1.0."
PEV-SITE-8C38D81D5A58AF25,PLC-000001,latitude,21.5856063,SRC-000013,OpenStreetMap Nominatim,https://www.openstreetmap.org/relation/18628440,,,OSM relation 18628440；布朗山布朗族鄉標籤點,C,2026-09-12T07:43:33+00:00,公開地理資料的標籤點或代表點；不等於行政區幾何中心、茶區邊界或單一茶園位置。
PEV-582C8B6E999B69878000,PLC-000001,longitude,100.4172655,SRC-000013,OpenStreetMap Nominatim,https://nominatim.openstreetmap.org/lookup?osm_ids=R18628440&format=jsonv2,,,OpenStreetMap relation 18628440; Bulangshan Blang Ethnic Township label point,C,2026-08-01T07:58:19+00:00,"同名行政鄉標籤點與茶區名稱對齊；不聲稱為茶區邊界。Data © OpenStreetMap contributors, ODbL 1.0."
PEV-SITE-CA769ACF1E2C4A66,PLC-000001,longitude,100.4172655,SRC-000013,OpenStreetMap Nominatim,https://www.openstreetmap.org/relation/18628440,,,OSM relation 18628440；布朗山布朗族鄉標籤點,C,2026-09-12T07:43:33+00:00,公開地理資料的標籤點或代表點；不等於行政區幾何中心、茶區邊界或單一茶園位置。
PEV-303705F59A3074D98C2F,PLC-000001,parent_place_id,"""PLC-000004""",SRC-000013,OpenStreetMap Nominatim,https://nominatim.openstreetmap.org/lookup?osm_ids=R18628440&format=jsonv2,,,OpenStreetMap relation 18628440; Bulangshan Blang Ethnic Township label point,C,2026-08-01T07:58:19+00:00,"同名行政鄉標籤點與茶區名稱對齊；不聲稱為茶區邊界。Data © OpenStreetMap contributors, ODbL 1.0."
PEV-SITE-64E24BF863AFFED8,PLC-000001,parent_place_id,"""PLC-000044""",SRC-000013,OpenStreetMap Nominatim,https://www.openstreetmap.org/relation/18628440,,,OpenStreetMap relation 18628440（布朗山布朗族鄉）,C,2026-09-12T07:43:33+00:00,策展來源支持名稱、地理層級或包含關係；欄位採知識庫受控值，並不構成產品產地證明。
PEV-EC38A2220F3DFD7C8150,PLC-000001,precision,"""administrative_area_label_point""",SRC-000013,OpenStreetMap Nominatim,https://nominatim.openstreetmap.org/lookup?osm_ids=R18628440&format=jsonv2,,,OpenStreetMap relation 18628440; Bulangshan Blang Ethnic Township label point,C,2026-08-01T07:58:19+00:00,"同名行政鄉標籤點與茶區名稱對齊；不聲稱為茶區邊界。Data © OpenStreetMap contributors, ODbL 1.0."
PEV-SITE-95F68FDD42E6195D,PLC-000001,precision,"""同名行政鄉的 OSM relation 標籤點；只作茶區近似定位，不代表茶園邊界""",SRC-000013,OpenStreetMap Nominatim,https://www.openstreetmap.org/relation/18628440,,,OSM relation 18628440；布朗山布朗族鄉標籤點,C,2026-09-12T07:43:33+00:00,公開地理資料的標籤點或代表點；不等於行政區幾何中心、茶區邊界或單一茶園位置。
PEV-EEBCA1D91DF7FC75A8D5,PLC-000001,standard_name,"""布朗山""",SRC-000013,OpenStreetMap Nominatim,https://nominatim.openstreetmap.org/lookup?osm_ids=R18628440&format=jsonv2,,,OpenStreetMap relation 18628440; Bulangshan Blang Ethnic Township label point,C,2026-08-01T07:58:19+00:00,"同名行政鄉標籤點與茶區名稱對齊；不聲稱為茶區邊界。Data © OpenStreetMap contributors, ODbL 1.0."
PEV-SITE-3796604A4DCB1C4D,PLC-000001,standard_name,"""布朗山""",SRC-000013,OpenStreetMap Nominatim,https://www.openstreetmap.org/relation/18628440,,,OpenStreetMap relation 18628440（布朗山布朗族鄉）,C,2026-09-12T07:43:33+00:00,策展來源支持名稱、地理層級或包含關係；欄位採知識庫受控值，並不構成產品產地證明。
PEV-SITE-B4420C6A2C545AC4,PLC-000002,admin_level,"""山地文化景觀／世界遺產地""",SRC-000014,UNESCO World Heritage Centre,https://whc.unesco.org/en/list/1665,,,UNESCO：Cultural Landscape of Old Tea Forests of the Jingmai Mountain in Pu’er,A,2026-09-12T07:43:33+00:00,策展來源支持名稱、地理層級或包含關係；欄位採知識庫受控值，並不構成產品產地證明。
PEV-DA80E8384184F588B573,PLC-000002,admin_level,"""山頭／世界遺產地""",SRC-000014,UNESCO World Heritage Centre,https://whc.unesco.org/en/list/1665,,,"World Heritage property 1665; coordinates N22 11 03 E100 00 27; location Huimin Town, Pu'er City, Yunnan",A,2026-08-01T07:58:19+00:00,UNESCO property reference coordinate; CC BY-SA 3.0 IGO review.
PEV-92482AB54DC72AA63A16,PLC-000002,latitude,22.1841667,SRC-000014,UNESCO World Heritage Centre,https://whc.unesco.org/en/list/1665,,,"World Heritage property 1665; coordinates N22 11 03 E100 00 27; location Huimin Town, Pu'er City, Yunnan",A,2026-08-01T07:58:19+00:00,UNESCO property reference coordinate; CC BY-SA 3.0 IGO review.
PEV-SITE-794A640960D26EF3,PLC-000002,latitude,22.1841667,SRC-000014,UNESCO World Heritage Centre,https://whc.unesco.org/en/list/1665,,,World Heritage property 1665；N22 11 03 E100 00 27,A,2026-09-12T07:43:33+00:00,公開地理資料的標籤點或代表點；不等於行政區幾何中心、茶區邊界或單一茶園位置。
PEV-573DD99A57D093BC3877,PLC-000002,longitude,100.0075,SRC-000014,UNESCO World Heritage Centre,https://whc.unesco.org/en/list/1665,,,"World Heritage property 1665; coordinates N22 11 03 E100 00 27; location Huimin Town, Pu'er City, Yunnan",A,2026-08-01T07:58:19+00:00,UNESCO property reference coordinate; CC BY-SA 3.0 IGO review.
PEV-SITE-0C9469406490E0F5,PLC-000002,longitude,100.0075,SRC-000014,UNESCO World Heritage Centre,https://whc.unesco.org/en/list/1665,,,World Heritage property 1665；N22 11 03 E100 00 27,A,2026-09-12T07:43:33+00:00,公開地理資料的標籤點或代表點；不等於行政區幾何中心、茶區邊界或單一茶園位置。
PEV-SITE-1C2AD4CF8553E209,PLC-000002,parent_place_id,"""PLC-000012""",SRC-000014,UNESCO World Heritage Centre,https://whc.unesco.org/en/list/1665,,,UNESCO：Cultural Landscape of Old Tea Forests of the Jingmai Mountain in Pu’er,A,2026-09-12T07:43:33+00:00,策展來源支持名稱、地理層級或包含關係；欄位採知識庫受控值，並不構成產品產地證明。
PEV-45DBC5C595E91AB88322,PLC-000002,parent_place_id,"""PLC-000008""",SRC-000014,UNESCO World Heritage Centre,https://whc.unesco.org/en/list/1665,,,"World Heritage property 1665; coordinates N22 11 03 E100 00 27; location Huimin Town, Pu'er City, Yunnan",A,2026-08-01T07:58:19+00:00,UNESCO property reference coordinate; CC BY-SA 3.0 IGO review.
PEV-FB1BAC0D3F715A7F2A5D,PLC-000002,precision,"""UNESCO_property_reference_point""",SRC-000014,UNESCO World Heritage Centre,https://whc.unesco.org/en/list/1665,,,"World Heritage property 1665; coordinates N22 11 03 E100 00 27; location Huimin Town, Pu'er City, Yunnan",A,2026-08-01T07:58:19+00:00,UNESCO property reference coordinate; CC BY-SA 3.0 IGO review.
PEV-SITE-1C453E9CDAD312BF,PLC-000002,precision,"""UNESCO 世界遺產項目公布參考點；不代表整個景觀或單一茶園""",SRC-000014,UNESCO World Heritage Centre,https://whc.unesco.org/en/list/1665,,,World Heritage property 1665；N22 11 03 E100 00 27,A,2026-09-12T07:43:33+00:00,公開地理資料的標籤點或代表點；不等於行政區幾何中心、茶區邊界或單一茶園位置。
PEV-SITE-FF85DB58E287A7D0,PLC-000002,standard_name,"""景邁山""",SRC-000014,UNESCO World Heritage Centre,https://whc.unesco.org/en/list/1665,,,UNESCO：Cultural Landscape of Old Tea Forests of the Jingmai Mountain in Pu’er,A,2026-09-12T07:43:33+00:00,策展來源支持名稱、地理層級或包含關係；欄位採知識庫受控值，並不構成產品產地證明。
PEV-9FC666AAA4E815F76B3B,PLC-000002,standard_name,"""景邁山""",SRC-000014,UNESCO World Heritage Centre,https://whc.unesco.org/en/list/1665,,,"World Heritage property 1665; coordinates N22 11 03 E100 00 27; location Huimin Town, Pu'er City, Yunnan",A,2026-08-01T07:58:19+00:00,UNESCO property reference coordinate; CC BY-SA 3.0 IGO review.
PEV-AFEC90A0BFABC98C85F5,PLC-000003,admin_level,"""省""",SRC-000013,OpenStreetMap Nominatim,https://nominatim.openstreetmap.org/lookup?osm_ids=R913094&format=jsonv2,,,OpenStreetMap relation 913094; Nominatim administrative-area label point,C,2026-08-01T07:58:19+00:00,"Data © OpenStreetMap contributors, ODbL 1.0."
PEV-SITE-EDE3A56E0EC4DD5A,PLC-000003,admin_level,"""省""",SRC-000014,UNESCO World Heritage Centre,https://whc.unesco.org/en/list/1665,,,UNESCO 景邁山世界遺產頁,A,2026-09-12T07:43:33+00:00,策展來源支持名稱、地理層級或包含關係；欄位採知識庫受控值，並不構成產品產地證明。
PEV-BD9396EEB3B761124A41,PLC-000003,latitude,25.0,SRC-000013,OpenStreetMap Nominatim,https://nominatim.openstreetmap.org/lookup?osm_ids=R913094&format=jsonv2,,,OpenStreetMap relation 913094; Nominatim administrative-area label point,C,2026-08-01T07:58:19+00:00,"Data © OpenStreetMap contributors, ODbL 1.0."
PEV-SITE-40976A4321D30A0B,PLC-000003,latitude,25.0,SRC-000013,OpenStreetMap Nominatim,https://www.openstreetmap.org/relation/913094,,,OSM relation 913094；雲南省行政區標籤點,C,2026-09-12T07:43:33+00:00,公開地理資料的標籤點或代表點；不等於行政區幾何中心、茶區邊界或單一茶園位置。
PEV-37E5644652510E55A332,PLC-000003,longitude,102.0,SRC-000013,OpenStreetMap Nominatim,https://nominatim.openstreetmap.org/lookup?osm_ids=R913094&format=jsonv2,,,OpenStreetMap relation 913094; Nominatim administrative-area label point,C,2026-08-01T07:58:19+00:00,"Data © OpenStreetMap contributors, ODbL 1.0."
PEV-SITE-9AF6D761BFFBEBE7,PLC-000003,longitude,102.0,SRC-000013,OpenStreetMap Nominatim,https://www.openstreetmap.org/relation/913094,,,OSM relation 913094；雲南省行政區標籤點,C,2026-09-12T07:43:33+00:00,公開地理資料的標籤點或代表點；不等於行政區幾何中心、茶區邊界或單一茶園位置。
PEV-30FE61F46B059ED5D35C,PLC-000003,precision,"""administrative_area_label_point""",SRC-000013,OpenStreetMap Nominatim,https://nominatim.openstreetmap.org/lookup?osm_ids=R913094&format=jsonv2,,,OpenStreetMap relation 913094; Nominatim administrative-area label point,C,2026-08-01T07:58:19+00:00,"Data © OpenStreetMap contributors, ODbL 1.0."
PEV-SITE-2D73E264B23243B1,PLC-000003,precision,"""OSM 行政區 relation 標籤點；非省域幾何中心或茶園位置""",SRC-000013,OpenStreetMap Nominatim,https://www.openstreetmap.org/relation/913094,,,OSM relation 913094；雲南省行政區標籤點,C,2026-09-12T07:43:33+00:00,公開地理資料的標籤點或代表點；不等於行政區幾何中心、茶區邊界或單一茶園位置。
PEV-8FBE78BCFBFF42500E66,PLC-000003,standard_name,"""雲南省""",SRC-000013,OpenStreetMap Nominatim,https://nominatim.openstreetmap.org/lookup?osm_ids=R913094&format=jsonv2,,,OpenStreetMap relation 913094; Nominatim administrative-area label point,C,2026-08-01T07:58:19+00:00,"Data © OpenStreetMap contributors, ODbL 1.0."
PEV-SITE-07D45040078C2C2C,PLC-000003,standard_name,"""雲南省""",SRC-000014,UNESCO World Heritage Centre,https://whc.unesco.org/en/list/1665,,,UNESCO 景邁山世界遺產頁,A,2026-09-12T07:43:33+00:00,策展來源支持名稱、地理層級或包含關係；欄位採知識庫受控值，並不構成產品產地證明。
PEV-C6E80838167241E780AE,PLC-000004,admin_level,"""自治州""",SRC-000013,OpenStreetMap Nominatim,https://nominatim.openstreetmap.org/lookup?osm_ids=R2715398&format=jsonv2,,,OpenStreetMap relation 2715398; Nominatim administrative-area label point,C,2026-08-01T07:58:19+00:00,"Data © OpenStreetMap contributors, ODbL 1.0."
PEV-SITE-FC89CA49BE416119,PLC-000004,admin_level,"""自治州""",SRC-000006,FAO,https://www.fao.org/family-farming/detail/zh/c/282396/,,,FAO 家庭農業知識平台：普洱茶農業文化系統,A,2026-09-12T07:43:33+00:00,策展來源支持名稱、地理層級或包含關係；欄位採知識庫受控值，並不構成產品產地證明。
PEV-44968EB282C3CCF494B7,PLC-000004,latitude,22.0116128,SRC-000013,OpenStreetMap Nominatim,https://nominatim.openstreetmap.org/lookup?osm_ids=R2715398&format=jsonv2,,,OpenStreetMap relation 2715398; Nominatim administrative-area label point,C,2026-08-01T07:58:19+00:00,"Data © OpenStreetMap contributors, ODbL 1.0."
PEV-SITE-731C558C8FE6D13D,PLC-000004,latitude,22.0116128,SRC-000013,OpenStreetMap Nominatim,https://www.openstreetmap.org/relation/2715398,,,OSM relation 2715398；西雙版納傣族自治州,C,2026-09-12T07:43:33+00:00,公開地理資料的標籤點或代表點；不等於行政區幾何中心、茶區邊界或單一茶園位置。
PEV-A774AFE07E3DDDE87CF4,PLC-000004,longitude,100.7960029,SRC-000013,OpenStreetMap Nominatim,https://nominatim.openstreetmap.org/lookup?osm_ids=R2715398&format=jsonv2,,,OpenStreetMap relation 2715398; Nominatim administrative-area label point,C,2026-08-01T07:58:19+00:00,"Data © OpenStreetMap contributors, ODbL 1.0."
PEV-SITE-6002CCC2E4891BD7,PLC-000004,longitude,100.7960029,SRC-000013,OpenStreetMap Nominatim,https://www.openstreetmap.org/relation/2715398,,,OSM relation 2715398；西雙版納傣族自治州,C,2026-09-12T07:43:33+00:00,公開地理資料的標籤點或代表點；不等於行政區幾何中心、茶區邊界或單一茶園位置。
PEV-A621C9934A40A3E23B7C,PLC-000004,parent_place_id,"""PLC-000003""",SRC-000013,OpenStreetMap Nominatim,https://nominatim.openstreetmap.org/lookup?osm_ids=R2715398&format=jsonv2,,,OpenStreetMap relation 2715398; Nominatim administrative-area label point,C,2026-08-01T07:58:19+00:00,"Data © OpenStreetMap contributors, ODbL 1.0."
PEV-SITE-DE22E18F015AC8B9,PLC-000004,parent_place_id,"""PLC-000003""",SRC-000006,FAO,https://www.fao.org/family-farming/detail/zh/c/282396/,,,FAO 家庭農業知識平台：普洱茶農業文化系統,A,2026-09-12T07:43:33+00:00,策展來源支持名稱、地理層級或包含關係；欄位採知識庫受控值，並不構成產品產地證明。
PEV-545380A025A40E1DEB41,PLC-000004,precision,"""administrative_area_label_point""",SRC-000013,OpenStreetMap Nominatim,https://nominatim.openstreetmap.org/lookup?osm_ids=R2715398&format=jsonv2,,,OpenStreetMap relation 2715398; Nominatim administrative-area label point,C,2026-08-01T07:58:19+00:00,"Data © OpenStreetMap contributors, ODbL 1.0."
PEV-SITE-F74E45BFF2AE58D2,PLC-000004,precision,"""OSM 行政區 relation 標籤點；非自治州幾何中心或茶園位置""",SRC-000013,OpenStreetMap Nominatim,https://www.openstreetmap.org/relation/2715398,,,OSM relation 2715398；西雙版納傣族自治州,C,2026-09-12T07:43:33+00:00,公開地理資料的標籤點或代表點；不等於行政區幾何中心、茶區邊界或單一茶園位置。
PEV-2923EC3F0927499F980E,PLC-000004,standard_name,"""西雙版納州""",SRC-000013,OpenStreetMap Nominatim,https://nominatim.openstreetmap.org/lookup?osm_ids=R2715398&format=jsonv2,,,OpenStreetMap relation 2715398; Nominatim administrative-area label point,C,2026-08-01T07:58:19+00:00,"Data © OpenStreetMap contributors, ODbL 1.0."
PEV-SITE-E55FC51588D10BF7,PLC-000004,standard_name,"""西雙版納傣族自治州""",SRC-000006,FAO,https://www.fao.org/family-farming/detail/zh/c/282396/,,,FAO 家庭農業知識平台：普洱茶農業文化系統,A,2026-09-12T07:43:33+00:00,策展來源支持名稱、地理層級或包含關係；欄位採知識庫受控值，並不構成產品產地證明。
PEV-D0615444E0BB91500AA4,PLC-000005,admin_level,"""茶區／鄉級地名""",SRC-000013,OpenStreetMap Nominatim,https://nominatim.openstreetmap.org/lookup?osm_ids=R18628625&format=jsonv2,,,OpenStreetMap relation 18628625; Mengsong Township label point,C,2026-08-01T07:58:19+00:00,"同名行政鄉標籤點與受控茶區名稱對齊；不聲稱為茶區邊界。Data © OpenStreetMap contributors, ODbL 1.0."
PEV-SITE-E1E51B31517C4255,PLC-000005,admin_level,"""茶區／鄉級地名""",SRC-000013,OpenStreetMap Nominatim,https://www.openstreetmap.org/relation/18628625,,,OpenStreetMap relation 18628625（勐宋鄉）,C,2026-09-12T07:43:33+00:00,策展來源支持名稱、地理層級或包含關係；欄位採知識庫受控值，並不構成產品產地證明。
PEV-27BD651E925A91870F3D,PLC-000005,latitude,22.0546005,SRC-000013,OpenStreetMap Nominatim,https://nominatim.openstreetmap.org/lookup?osm_ids=R18628625&format=jsonv2,,,OpenStreetMap relation 18628625; Mengsong Township label point,C,2026-08-01T07:58:19+00:00,"同名行政鄉標籤點與受控茶區名稱對齊；不聲稱為茶區邊界。Data © OpenStreetMap contributors, ODbL 1.0."
PEV-SITE-7DCEFCC9AAC669D3,PLC-000005,latitude,22.0546005,SRC-000013,OpenStreetMap Nominatim,https://www.openstreetmap.org/relation/18628625,,,OSM relation 18628625；勐宋鄉標籤點,C,2026-09-12T07:43:33+00:00,公開地理資料的標籤點或代表點；不等於行政區幾何中心、茶區邊界或單一茶園位置。
PEV-F426E4B08C073F72A857,PLC-000005,longitude,100.563337,SRC-000013,OpenStreetMap Nominatim,https://nominatim.openstreetmap.org/lookup?osm_ids=R18628625&format=jsonv2,,,OpenStreetMap relation 18628625; Mengsong Township label point,C,2026-08-01T07:58:19+00:00,"同名行政鄉標籤點與受控茶區名稱對齊；不聲稱為茶區邊界。Data © OpenStreetMap contributors, ODbL 1.0."
PEV-SITE-FF1BE4C6DDCA74D7,PLC-000005,longitude,100.563337,SRC-000013,OpenStreetMap Nominatim,https://www.openstreetmap.org/relation/18628625,,,OSM relation 18628625；勐宋鄉標籤點,C,2026-09-12T07:43:33+00:00,公開地理資料的標籤點或代表點；不等於行政區幾何中心、茶區邊界或單一茶園位置。
PEV-A2772AEB03025CF61309,PLC-000005,parent_place_id,"""PLC-000004""",SRC-000013,OpenStreetMap Nominatim,https://nominatim.openstreetmap.org/lookup?osm_ids=R18628625&format=jsonv2,,,OpenStreetMap relation 18628625; Mengsong Township label point,C,2026-08-01T07:58:19+00:00,"同名行政鄉標籤點與受控茶區名稱對齊；不聲稱為茶區邊界。Data © OpenStreetMap contributors, ODbL 1.0."
PEV-SITE-880C9C770454F381,PLC-000005,parent_place_id,"""PLC-000044""",SRC-000013,OpenStreetMap Nominatim,https://www.openstreetmap.org/relation/18628625,,,OpenStreetMap relation 18628625（勐宋鄉）,C,2026-09-12T07:43:33+00:00,策展來源支持名稱、地理層級或包含關係；欄位採知識庫受控值，並不構成產品產地證明。
PEV-F5582853578FF59B9D1B,PLC-000005,precision,"""administrative_area_label_point""",SRC-000013,OpenStreetMap Nominatim,https://nominatim.openstreetmap.org/lookup?osm_ids=R18628625&format=jsonv2,,,OpenStreetMap relation 18628625; Mengsong Township label point,C,2026-08-01T07:58:19+00:00,"同名行政鄉標籤點與受控茶區名稱對齊；不聲稱為茶區邊界。Data © OpenStreetMap contributors, ODbL 1.0."
PEV-SITE-E00E099422FFAD41,PLC-000005,precision,"""同名行政鄉的 OSM relation 標籤點；只作茶區近似定位，不代表茶園邊界""",SRC-000013,OpenStreetMap Nominatim,https://www.openstreetmap.org/relation/18628625,,,OSM relation 18628625；勐宋鄉標籤點,C,2026-09-12T07:43:33+00:00,公開地理資料的標籤點或代表點；不等於行政區幾何中心、茶區邊界或單一茶園位置。
PEV-B65B2A4BEF27B66D455C,PLC-000005,standard_name,"""勐宋茶區""",SRC-000013,OpenStreetMap Nominatim,https://nominatim.openstreetmap.org/lookup?osm_ids=R18628625&format=jsonv2,,,OpenStreetMap relation 18628625; Mengsong Township label point,C,2026-08-01T07:58:19+00:00,"同名行政鄉標籤點與受控茶區名稱對齊；不聲稱為茶區邊界。Data © OpenStreetMap contributors, ODbL 1.0."
PEV-SITE-4A42C98F3C5FF726,PLC-000005,standard_name,"""勐宋茶區""",SRC-000013,OpenStreetMap Nominatim,https://www.openstreetmap.org/relation/18628625,,,OpenStreetMap relation 18628625（勐宋鄉）,C,2026-09-12T07:43:33+00:00,策展來源支持名稱、地理層級或包含關係；欄位採知識庫受控值，並不構成產品產地證明。
PEV-F3637FF0435DC0B8A414,PLC-000006,admin_level,"""茶區／行政村""",SRC-000008,Chinese government public information,https://ynmz.yn.gov.cn/uploads/resource/download/20937/DB53_T_1176.13-2023%E4%BA%91%E5%8D%97%E7%9C%81%E8%A1%8C%E6%94%BF%E6%9D%91%E3%80%81%E7%A4%BE%E5%8C%BA%E7%BC%96%E7%A0%81_%E7%AC%AC13%E9%83%A8%E5%88%86%EF%BC%9A%E8%A5%BF%E5%8F%8C%E7%89%88%E7%BA%B3%E5%82%A3%E6%97%8F%E8%87%AA%E6%B2%BB%E5%B7%9E.pdf,,,DB53/T 1176.13—2023 table: 布朗山布朗族乡 532822206000; 班章村 532822206202,A,2026-08-01T07:58:19+00:00,官方行政村編碼用於確認班章村隸屬布朗山布朗族鄉；茶區是受控知識庫標籤。
PEV-SITE-8BA6FA38B0D85A2E,PLC-000006,admin_level,"""茶區／行政村""",SRC-000008,Chinese government public information,https://ynmz.yn.gov.cn/uploads/resource/download/20937/DB53_T_1176.13-2023%E4%BA%91%E5%8D%97%E7%9C%81%E8%A1%8C%E6%94%BF%E6%9D%91%E3%80%81%E7%A4%BE%E5%8C%BA%E7%BC%96%E7%A0%81_%E7%AC%AC13%E9%83%A8%E5%88%86%EF%BC%9A%E8%A5%BF%E5%8F%8C%E7%89%88%E7%BA%B3%E5%82%A3%E6%97%8F%E8%87%AA%E6%B2%BB%E5%B7%9E.pdf,,,DB53/T 1176.13—2023 行政村編碼表（布朗山鄉、班章村）,A,2026-09-12T07:43:33+00:00,策展來源支持名稱、地理層級或包含關係；欄位採知識庫受控值，並不構成產品產地證明。
PEV-721157CE24522E450D22,PLC-000006,parent_place_id,"""PLC-000001""",SRC-000008,Chinese government public information,https://ynmz.yn.gov.cn/uploads/resource/download/20937/DB53_T_1176.13-2023%E4%BA%91%E5%8D%97%E7%9C%81%E8%A1%8C%E6%94%BF%E6%9D%91%E3%80%81%E7%A4%BE%E5%8C%BA%E7%BC%96%E7%A0%81_%E7%AC%AC13%E9%83%A8%E5%88%86%EF%BC%9A%E8%A5%BF%E5%8F%8C%E7%89%88%E7%BA%B3%E5%82%A3%E6%97%8F%E8%87%AA%E6%B2%BB%E5%B7%9E.pdf,,,DB53/T 1176.13—2023 table: 布朗山布朗族乡 532822206000; 班章村 532822206202,A,2026-08-01T07:58:19+00:00,官方行政村編碼用於確認班章村隸屬布朗山布朗族鄉；茶區是受控知識庫標籤。
PEV-SITE-F08AF8FA961F3EBF,PLC-000006,parent_place_id,"""PLC-000001""",SRC-000008,Chinese government public information,https://ynmz.yn.gov.cn/uploads/resource/download/20937/DB53_T_1176.13-2023%E4%BA%91%E5%8D%97%E7%9C%81%E8%A1%8C%E6%94%BF%E6%9D%91%E3%80%81%E7%A4%BE%E5%8C%BA%E7%BC%96%E7%A0%81_%E7%AC%AC13%E9%83%A8%E5%88%86%EF%BC%9A%E8%A5%BF%E5%8F%8C%E7%89%88%E7%BA%B3%E5%82%A3%E6%97%8F%E8%87%AA%E6%B2%BB%E5%B7%9E.pdf,,,DB53/T 1176.13—2023 行政村編碼表（布朗山鄉、班章村）,A,2026-09-12T07:43:33+00:00,策展來源支持名稱、地理層級或包含關係；欄位採知識庫受控值，並不構成產品產地證明。
PEV-71F24FFB12BBE767DB36,PLC-000006,standard_name,"""班章茶區""",SRC-000008,Chinese government public information,https://ynmz.yn.gov.cn/uploads/resource/download/20937/DB53_T_1176.13-2023%E4%BA%91%E5%8D%97%E7%9C%81%E8%A1%8C%E6%94%BF%E6%9D%91%E3%80%81%E7%A4%BE%E5%8C%BA%E7%BC%96%E7%A0%81_%E7%AC%AC13%E9%83%A8%E5%88%86%EF%BC%9A%E8%A5%BF%E5%8F%8C%E7%89%88%E7%BA%B3%E5%82%A3%E6%97%8F%E8%87%AA%E6%B2%BB%E5%B7%9E.pdf,,,DB53/T 1176.13—2023 table: 布朗山布朗族乡 532822206000; 班章村 532822206202,A,2026-08-01T07:58:19+00:00,官方行政村編碼用於確認班章村隸屬布朗山布朗族鄉；茶區是受控知識庫標籤。
PEV-SITE-A23FDE414AA3B3A4,PLC-000006,standard_name,"""班章茶區""",SRC-000008,Chinese government public information,https://ynmz.yn.gov.cn/uploads/resource/download/20937/DB53_T_1176.13-2023%E4%BA%91%E5%8D%97%E7%9C%81%E8%A1%8C%E6%94%BF%E6%9D%91%E3%80%81%E7%A4%BE%E5%8C%BA%E7%BC%96%E7%A0%81_%E7%AC%AC13%E9%83%A8%E5%88%86%EF%BC%9A%E8%A5%BF%E5%8F%8C%E7%89%88%E7%BA%B3%E5%82%A3%E6%97%8F%E8%87%AA%E6%B2%BB%E5%B7%9E.pdf,,,DB53/T 1176.13—2023 行政村編碼表（布朗山鄉、班章村）,A,2026-09-12T07:43:33+00:00,策展來源支持名稱、地理層級或包含關係；欄位採知識庫受控值，並不構成產品產地證明。
PEV-07400F7A13ABB7505BF5,PLC-000007,admin_level,"""茶山／行政村""",SRC-000008,Chinese government public information,https://mz.yn.gov.cn/html/2025/difangdongtai_0325/4058616.html,,,Page title and lead: 西雙版納州勐海縣勐混鎮賀開村；古茶山,A,2026-08-01T07:58:19+00:00,官方頁面確認地名及州級包含；父層欄位不是直接行政父層。
PEV-SITE-3B3C9246ACF446FF,PLC-000007,admin_level,"""茶山／行政村""",SRC-000008,Chinese government public information,https://mz.yn.gov.cn/html/2025/difangdongtai_0325/4058616.html,,,雲南省民族宗教事務委員會：勐海縣勐混鎮賀開村,A,2026-09-12T07:43:33+00:00,策展來源支持名稱、地理層級或包含關係；欄位採知識庫受控值，並不構成產品產地證明。
PEV-2203230FF0BE92BE4FFE,PLC-000007,parent_place_id,"""PLC-000004""",SRC-000008,Chinese government public information,https://mz.yn.gov.cn/html/2025/difangdongtai_0325/4058616.html,,,Page title and lead: 西雙版納州勐海縣勐混鎮賀開村；古茶山,A,2026-08-01T07:58:19+00:00,官方頁面確認地名及州級包含；父層欄位不是直接行政父層。
PEV-SITE-32A0415C9ED2CBE2,PLC-000007,parent_place_id,"""PLC-000044""",SRC-000008,Chinese government public information,https://mz.yn.gov.cn/html/2025/difangdongtai_0325/4058616.html,,,雲南省民族宗教事務委員會：勐海縣勐混鎮賀開村,A,2026-09-12T07:43:33+00:00,策展來源支持名稱、地理層級或包含關係；欄位採知識庫受控值，並不構成產品產地證明。
PEV-5F3A588FC984C5308FB7,PLC-000007,standard_name,"""賀開茶山""",SRC-000008,Chinese government public information,https://mz.yn.gov.cn/html/2025/difangdongtai_0325/4058616.html,,,Page title and lead: 西雙版納州勐海縣勐混鎮賀開村；古茶山,A,2026-08-01T07:58:19+00:00,官方頁面確認地名及州級包含；父層欄位不是直接行政父層。
PEV-SITE-9C9716D2F75D66A0,PLC-000007,standard_name,"""賀開茶山""",SRC-000008,Chinese government public information,https://mz.yn.gov.cn/html/2025/difangdongtai_0325/4058616.html,,,雲南省民族宗教事務委員會：勐海縣勐混鎮賀開村,A,2026-09-12T07:43:33+00:00,策展來源支持名稱、地理層級或包含關係；欄位採知識庫受控值，並不構成產品產地證明。
PEV-0CFB6E002FE378C89876,PLC-000008,admin_level,"""地級市""",SRC-000013,OpenStreetMap Nominatim,https://nominatim.openstreetmap.org/lookup?osm_ids=R2716205&format=jsonv2,,,OpenStreetMap relation 2716205; Nominatim administrative-area label point,C,2026-08-01T07:58:19+00:00,"Data © OpenStreetMap contributors, ODbL 1.0."
PEV-SITE-6FD994ACC953FF5E,PLC-000008,admin_level,"""地級市""",SRC-000014,UNESCO World Heritage Centre,https://whc.unesco.org/en/list/1665,,,UNESCO 景邁山世界遺產頁,A,2026-09-12T07:43:33+00:00,策展來源支持名稱、地理層級或包含關係；欄位採知識庫受控值，並不構成產品產地證明。
PEV-F90B332BEAA95260677E,PLC-000008,latitude,23.2948942,SRC-000013,OpenStreetMap Nominatim,https://nominatim.openstreetmap.org/lookup?osm_ids=R2716205&format=jsonv2,,,OpenStreetMap relation 2716205; Nominatim administrative-area label point,C,2026-08-01T07:58:19+00:00,"Data © OpenStreetMap contributors, ODbL 1.0."
PEV-SITE-83F25D462ED48D85,PLC-000008,latitude,23.2948942,SRC-000013,OpenStreetMap Nominatim,https://www.openstreetmap.org/relation/2716205,,,OSM relation 2716205；普洱市行政區標籤點,C,2026-09-12T07:43:33+00:00,公開地理資料的標籤點或代表點；不等於行政區幾何中心、茶區邊界或單一茶園位置。
PEV-DCE1C9DC0217592D7267,PLC-000008,longitude,100.8784458,SRC-000013,OpenStreetMap Nominatim,https://nominatim.openstreetmap.org/lookup?osm_ids=R2716205&format=jsonv2,,,OpenStreetMap relation 2716205; Nominatim administrative-area label point,C,2026-08-01T07:58:19+00:00,"Data © OpenStreetMap contributors, ODbL 1.0."
PEV-SITE-4D15593A14324D43,PLC-000008,longitude,100.8784458,SRC-000013,OpenStreetMap Nominatim,https://www.openstreetmap.org/relation/2716205,,,OSM relation 2716205；普洱市行政區標籤點,C,2026-09-12T07:43:33+00:00,公開地理資料的標籤點或代表點；不等於行政區幾何中心、茶區邊界或單一茶園位置。
PEV-1DB1469848D624B6D922,PLC-000008,parent_place_id,"""PLC-000003""",SRC-000013,OpenStreetMap Nominatim,https://nominatim.openstreetmap.org/lookup?osm_ids=R2716205&format=jsonv2,,,OpenStreetMap relation 2716205; Nominatim administrative-area label point,C,2026-08-01T07:58:19+00:00,"Data © OpenStreetMap contributors, ODbL 1.0."
PEV-SITE-57A7723E74B5B5F7,PLC-000008,parent_place_id,"""PLC-000003""",SRC-000014,UNESCO World Heritage Centre,https://whc.unesco.org/en/list/1665,,,UNESCO 景邁山世界遺產頁,A,2026-09-12T07:43:33+00:00,策展來源支持名稱、地理層級或包含關係；欄位採知識庫受控值，並不構成產品產地證明。
PEV-052815E05D4085F72376,PLC-000008,precision,"""administrative_area_label_point""",SRC-000013,OpenStreetMap Nominatim,https://nominatim.openstreetmap.org/lookup?osm_ids=R2716205&format=jsonv2,,,OpenStreetMap relation 2716205; Nominatim administrative-area label point,C,2026-08-01T07:58:19+00:00,"Data © OpenStreetMap contributors, ODbL 1.0."
PEV-SITE-8835DFF6A5239DB6,PLC-000008,precision,"""OSM 行政區 relation 標籤點；非市域幾何中心或茶園位置""",SRC-000013,OpenStreetMap Nominatim,https://www.openstreetmap.org/relation/2716205,,,OSM relation 2716205；普洱市行政區標籤點,C,2026-09-12T07:43:33+00:00,公開地理資料的標籤點或代表點；不等於行政區幾何中心、茶區邊界或單一茶園位置。
PEV-59955C628D44445F6D15,PLC-000008,standard_name,"""普洱市""",SRC-000013,OpenStreetMap Nominatim,https://nominatim.openstreetmap.org/lookup?osm_ids=R2716205&format=jsonv2,,,OpenStreetMap relation 2716205; Nominatim administrative-area label point,C,2026-08-01T07:58:19+00:00,"Data © OpenStreetMap contributors, ODbL 1.0."
PEV-SITE-ADED38DD6B9D4B2A,PLC-000008,standard_name,"""普洱市""",SRC-000014,UNESCO World Heritage Centre,https://whc.unesco.org/en/list/1665,,,UNESCO 景邁山世界遺產頁,A,2026-09-12T07:43:33+00:00,策展來源支持名稱、地理層級或包含關係；欄位採知識庫受控值，並不構成產品產地證明。
PEV-2055A00EBC13A6CB6850,PLC-000009,admin_level,"""茶園研究採樣點""",SRC-000001,OpenAlex,https://doi.org/10.1038/s41598-026-61192-4,DOC-000196,Metabolomic dynamics of flavor compound synthesis in Pu’er green tea produced from Camellia sinensis var. assamica under seasonal variation,Section 2.1 Sample collection; extracted fulltext lines 175–184,B,2026-08-01T07:58:19+00:00,"Longba village plantation (23°23′N, 101°47′E; elevation 1575–1796 m)."
PEV-SITE-7F78ABC7AD89A86E,PLC-000009,admin_level,"""茶園研究採樣點""",SRC-000001,OpenAlex,https://www.nature.com/articles/s41598-026-61192-4_reference.pdf?error=cookies_not_supported&code=a5d3f237-b716-498a-91af-ec3eeb344333,DOC-000196,Metabolomic dynamics of flavor compound synthesis in Pu’er green tea produced from Camellia sinensis var. assamica under seasonal variation,採樣位置與海拔的本地全文研究,B,2026-09-12T07:43:33+00:00,策展來源支持名稱、地理層級或包含關係；欄位採知識庫受控值，並不構成產品產地證明。
PEV-D15E54C8EE75D2DB64BF,PLC-000009,altitude_max,1796.0,SRC-000001,OpenAlex,https://doi.org/10.1038/s41598-026-61192-4,DOC-000196,Metabolomic dynamics of flavor compound synthesis in Pu’er green tea produced from Camellia sinensis var. assamica under seasonal variation,Section 2.1 Sample collection; extracted fulltext lines 175–184,B,2026-08-01T07:58:19+00:00,"Longba village plantation (23°23′N, 101°47′E; elevation 1575–1796 m)."
PEV-SITE-4531DFF4D276F876,PLC-000009,altitude_max,1796.0,SRC-000001,OpenAlex,https://doi.org/10.1038/s41598-026-61192-4,DOC-000196,Metabolomic dynamics of flavor compound synthesis in Pu’er green tea produced from Camellia sinensis var. assamica under seasonal variation,Section 2.1 Sample collection；本地全文 lines 175–184,B,2026-09-12T07:43:33+00:00,公開地理資料的標籤點或代表點；不等於行政區幾何中心、茶區邊界或單一茶園位置。
PEV-3F19724551B1937DC16F,PLC-000009,altitude_min,1575.0,SRC-000001,OpenAlex,https://doi.org/10.1038/s41598-026-61192-4,DOC-000196,Metabolomic dynamics of flavor compound synthesis in Pu’er green tea produced from Camellia sinensis var. assamica under seasonal variation,Section 2.1 Sample collection; extracted fulltext lines 175–184,B,2026-08-01T07:58:19+00:00,"Longba village plantation (23°23′N, 101°47′E; elevation 1575–1796 m)."
PEV-SITE-6D9C54D5D9024B03,PLC-000009,altitude_min,1575.0,SRC-000001,OpenAlex,https://doi.org/10.1038/s41598-026-61192-4,DOC-000196,Metabolomic dynamics of flavor compound synthesis in Pu’er green tea produced from Camellia sinensis var. assamica under seasonal variation,Section 2.1 Sample collection；本地全文 lines 175–184,B,2026-09-12T07:43:33+00:00,公開地理資料的標籤點或代表點；不等於行政區幾何中心、茶區邊界或單一茶園位置。
PEV-5EEA03CC97CBD988184B,PLC-000009,latitude,23.3833333333,SRC-000001,OpenAlex,https://doi.org/10.1038/s41598-026-61192-4,DOC-000196,Metabolomic dynamics of flavor compound synthesis in Pu’er green tea produced from Camellia sinensis var. assamica under seasonal variation,Section 2.1 Sample collection; extracted fulltext lines 175–184,B,2026-08-01T07:58:19+00:00,"Longba village plantation (23°23′N, 101°47′E; elevation 1575–1796 m)."
PEV-SITE-EC9E9A5C8A5C184E,PLC-000009,latitude,23.3833333333,SRC-000001,OpenAlex,https://doi.org/10.1038/s41598-026-61192-4,DOC-000196,Metabolomic dynamics of flavor compound synthesis in Pu’er green tea produced from Camellia sinensis var. assamica under seasonal variation,Section 2.1 Sample collection；本地全文 lines 175–184,B,2026-09-12T07:43:33+00:00,公開地理資料的標籤點或代表點；不等於行政區幾何中心、茶區邊界或單一茶園位置。
PEV-1CA68A067E8E0E1F6380,PLC-000009,longitude,101.7833333333,SRC-000001,OpenAlex,https://doi.org/10.1038/s41598-026-61192-4,DOC-000196,Metabolomic dynamics of flavor compound synthesis in Pu’er green tea produced from Camellia sinensis var. assamica under seasonal variation,Section 2.1 Sample collection; extracted fulltext lines 175–184,B,2026-08-01T07:58:19+00:00,"Longba village plantation (23°23′N, 101°47′E; elevation 1575–1796 m)."
PEV-SITE-DAEC5929B8343109,PLC-000009,longitude,101.7833333333,SRC-000001,OpenAlex,https://doi.org/10.1038/s41598-026-61192-4,DOC-000196,Metabolomic dynamics of flavor compound synthesis in Pu’er green tea produced from Camellia sinensis var. assamica under seasonal variation,Section 2.1 Sample collection；本地全文 lines 175–184,B,2026-09-12T07:43:33+00:00,公開地理資料的標籤點或代表點；不等於行政區幾何中心、茶區邊界或單一茶園位置。
PEV-2046B2B04E2FE11BC020,PLC-000009,parent_place_id,"""PLC-000008""",SRC-000008,Chinese government public information,https://mzzj.yn.gov.cn/html/2019/difangdongtai_0828/33265.html,,,Official page wording: 普洱市墨江哈尼族自治縣,A,2026-08-01T07:58:19+00:00,論文將採樣地置於墨江縣；官方頁確認墨江縣屬普洱市，因此保存市級廣義包含關係。
PEV-SITE-90E5D7E70DB710C2,PLC-000009,parent_place_id,"""PLC-000008""",SRC-000001,OpenAlex,https://www.nature.com/articles/s41598-026-61192-4_reference.pdf?error=cookies_not_supported&code=a5d3f237-b716-498a-91af-ec3eeb344333,DOC-000196,Metabolomic dynamics of flavor compound synthesis in Pu’er green tea produced from Camellia sinensis var. assamica under seasonal variation,採樣位置與海拔的本地全文研究,B,2026-09-12T07:43:33+00:00,策展來源支持名稱、地理層級或包含關係；欄位採知識庫受控值，並不構成產品產地證明。
PEV-0A16CA8F1DDA77FCB48D,PLC-000009,precision,"""study_site_coordinate_rounded_to_arcminute""",SRC-000001,OpenAlex,https://doi.org/10.1038/s41598-026-61192-4,DOC-000196,Metabolomic dynamics of flavor compound synthesis in Pu’er green tea produced from Camellia sinensis var. assamica under seasonal variation,Section 2.1 Sample collection; extracted fulltext lines 175–184,B,2026-08-01T07:58:19+00:00,"Longba village plantation (23°23′N, 101°47′E; elevation 1575–1796 m)."
PEV-SITE-C9E3529072185D2F,PLC-000009,precision,"""研究採樣位置（座標至整分）；未作獨立實地核驗""",SRC-000001,OpenAlex,https://doi.org/10.1038/s41598-026-61192-4,DOC-000196,Metabolomic dynamics of flavor compound synthesis in Pu’er green tea produced from Camellia sinensis var. assamica under seasonal variation,Section 2.1 Sample collection；本地全文 lines 175–184,B,2026-09-12T07:43:33+00:00,公開地理資料的標籤點或代表點；不等於行政區幾何中心、茶區邊界或單一茶園位置。
PEV-5696E6B1B2048275CD50,PLC-000009,standard_name,"""Longba village plantation""",SRC-000001,OpenAlex,https://doi.org/10.1038/s41598-026-61192-4,DOC-000196,Metabolomic dynamics of flavor compound synthesis in Pu’er green tea produced from Camellia sinensis var. assamica under seasonal variation,Section 2.1 Sample collection; extracted fulltext lines 175–184,B,2026-08-01T07:58:19+00:00,"Longba village plantation (23°23′N, 101°47′E; elevation 1575–1796 m)."
PEV-SITE-22A4298A6A977ED9,PLC-000009,standard_name,"""Longba village plantation""",SRC-000001,OpenAlex,https://www.nature.com/articles/s41598-026-61192-4_reference.pdf?error=cookies_not_supported&code=a5d3f237-b716-498a-91af-ec3eeb344333,DOC-000196,Metabolomic dynamics of flavor compound synthesis in Pu’er green tea produced from Camellia sinensis var. assamica under seasonal variation,採樣位置與海拔的本地全文研究,B,2026-09-12T07:43:33+00:00,策展來源支持名稱、地理層級或包含關係；欄位採知識庫受控值，並不構成產品產地證明。
PEV-55EA75190513E8397C46,PLC-000010,admin_level,"""茶園研究採樣點""",SRC-000001,OpenAlex,https://doi.org/10.1038/s41598-026-61192-4,DOC-000196,Metabolomic dynamics of flavor compound synthesis in Pu’er green tea produced from Camellia sinensis var. assamica under seasonal variation,Section 2.1 Sample collection; extracted fulltext lines 175–184,B,2026-08-01T07:58:19+00:00,"Fenghuang Wo village plantation (23°29′N, 101°39′E; elevation 1618–1783 m)."
PEV-SITE-0174644D85748F81,PLC-000010,admin_level,"""茶園研究採樣點""",SRC-000001,OpenAlex,https://www.nature.com/articles/s41598-026-61192-4_reference.pdf?error=cookies_not_supported&code=a5d3f237-b716-498a-91af-ec3eeb344333,DOC-000196,Metabolomic dynamics of flavor compound synthesis in Pu’er green tea produced from Camellia sinensis var. assamica under seasonal variation,採樣位置與海拔的本地全文研究,B,2026-09-12T07:43:33+00:00,策展來源支持名稱、地理層級或包含關係；欄位採知識庫受控值，並不構成產品產地證明。
PEV-D62DF94C3692FE6048A4,PLC-000010,altitude_max,1783.0,SRC-000001,OpenAlex,https://doi.org/10.1038/s41598-026-61192-4,DOC-000196,Metabolomic dynamics of flavor compound synthesis in Pu’er green tea produced from Camellia sinensis var. assamica under seasonal variation,Section 2.1 Sample collection; extracted fulltext lines 175–184,B,2026-08-01T07:58:19+00:00,"Fenghuang Wo village plantation (23°29′N, 101°39′E; elevation 1618–1783 m)."
PEV-SITE-563F85E3CF03182F,PLC-000010,altitude_max,1783.0,SRC-000001,OpenAlex,https://doi.org/10.1038/s41598-026-61192-4,DOC-000196,Metabolomic dynamics of flavor compound synthesis in Pu’er green tea produced from Camellia sinensis var. assamica under seasonal variation,Section 2.1 Sample collection；本地全文 lines 175–184,B,2026-09-12T07:43:33+00:00,公開地理資料的標籤點或代表點；不等於行政區幾何中心、茶區邊界或單一茶園位置。
PEV-8F00522BFA70F6B0399E,PLC-000010,altitude_min,1618.0,SRC-000001,OpenAlex,https://doi.org/10.1038/s41598-026-61192-4,DOC-000196,Metabolomic dynamics of flavor compound synthesis in Pu’er green tea produced from Camellia sinensis var. assamica under seasonal variation,Section 2.1 Sample collection; extracted fulltext lines 175–184,B,2026-08-01T07:58:19+00:00,"Fenghuang Wo village plantation (23°29′N, 101°39′E; elevation 1618–1783 m)."
PEV-SITE-E523E9F27F8D53C4,PLC-000010,altitude_min,1618.0,SRC-000001,OpenAlex,https://doi.org/10.1038/s41598-026-61192-4,DOC-000196,Metabolomic dynamics of flavor compound synthesis in Pu’er green tea produced from Camellia sinensis var. assamica under seasonal variation,Section 2.1 Sample collection；本地全文 lines 175–184,B,2026-09-12T07:43:33+00:00,公開地理資料的標籤點或代表點；不等於行政區幾何中心、茶區邊界或單一茶園位置。
PEV-AC9ADD92725405335F7B,PLC-000010,latitude,23.4833333333,SRC-000001,OpenAlex,https://doi.org/10.1038/s41598-026-61192-4,DOC-000196,Metabolomic dynamics of flavor compound synthesis in Pu’er green tea produced from Camellia sinensis var. assamica under seasonal variation,Section 2.1 Sample collection; extracted fulltext lines 175–184,B,2026-08-01T07:58:19+00:00,"Fenghuang Wo village plantation (23°29′N, 101°39′E; elevation 1618–1783 m)."
PEV-SITE-5B20B3390BDA070C,PLC-000010,latitude,23.4833333333,SRC-000001,OpenAlex,https://doi.org/10.1038/s41598-026-61192-4,DOC-000196,Metabolomic dynamics of flavor compound synthesis in Pu’er green tea produced from Camellia sinensis var. assamica under seasonal variation,Section 2.1 Sample collection；本地全文 lines 175–184,B,2026-09-12T07:43:33+00:00,公開地理資料的標籤點或代表點；不等於行政區幾何中心、茶區邊界或單一茶園位置。
PEV-8A0A085B90B7B67A3928,PLC-000010,longitude,101.65,SRC-000001,OpenAlex,https://doi.org/10.1038/s41598-026-61192-4,DOC-000196,Metabolomic dynamics of flavor compound synthesis in Pu’er green tea produced from Camellia sinensis var. assamica under seasonal variation,Section 2.1 Sample collection; extracted fulltext lines 175–184,B,2026-08-01T07:58:19+00:00,"Fenghuang Wo village plantation (23°29′N, 101°39′E; elevation 1618–1783 m)."
PEV-SITE-86AF85504A5E97AA,PLC-000010,longitude,101.65,SRC-000001,OpenAlex,https://doi.org/10.1038/s41598-026-61192-4,DOC-000196,Metabolomic dynamics of flavor compound synthesis in Pu’er green tea produced from Camellia sinensis var. assamica under seasonal variation,Section 2.1 Sample collection；本地全文 lines 175–184,B,2026-09-12T07:43:33+00:00,公開地理資料的標籤點或代表點；不等於行政區幾何中心、茶區邊界或單一茶園位置。
PEV-E6237CD648A381654A1A,PLC-000010,parent_place_id,"""PLC-000008""",SRC-000008,Chinese government public information,https://mzzj.yn.gov.cn/html/2019/difangdongtai_0828/33265.html,,,Official page wording: 普洱市墨江哈尼族自治縣,A,2026-08-01T07:58:19+00:00,論文將採樣地置於墨江縣；官方頁確認墨江縣屬普洱市，因此保存市級廣義包含關係。
PEV-SITE-AFF0930BB2DDF8C5,PLC-000010,parent_place_id,"""PLC-000008""",SRC-000001,OpenAlex,https://www.nature.com/articles/s41598-026-61192-4_reference.pdf?error=cookies_not_supported&code=a5d3f237-b716-498a-91af-ec3eeb344333,DOC-000196,Metabolomic dynamics of flavor compound synthesis in Pu’er green tea produced from Camellia sinensis var. assamica under seasonal variation,採樣位置與海拔的本地全文研究,B,2026-09-12T07:43:33+00:00,策展來源支持名稱、地理層級或包含關係；欄位採知識庫受控值，並不構成產品產地證明。
PEV-ADF4FB1E514D77FE1533,PLC-000010,precision,"""study_site_coordinate_rounded_to_arcminute""",SRC-000001,OpenAlex,https://doi.org/10.1038/s41598-026-61192-4,DOC-000196,Metabolomic dynamics of flavor compound synthesis in Pu’er green tea produced from Camellia sinensis var. assamica under seasonal variation,Section 2.1 Sample collection; extracted fulltext lines 175–184,B,2026-08-01T07:58:19+00:00,"Fenghuang Wo village plantation (23°29′N, 101°39′E; elevation 1618–1783 m)."
PEV-SITE-647E5D5A9FF99E88,PLC-000010,precision,"""研究採樣位置（座標至整分）；未作獨立實地核驗""",SRC-000001,OpenAlex,https://doi.org/10.1038/s41598-026-61192-4,DOC-000196,Metabolomic dynamics of flavor compound synthesis in Pu’er green tea produced from Camellia sinensis var. assamica under seasonal variation,Section 2.1 Sample collection；本地全文 lines 175–184,B,2026-09-12T07:43:33+00:00,公開地理資料的標籤點或代表點；不等於行政區幾何中心、茶區邊界或單一茶園位置。
PEV-E893D115B1CB82D17901,PLC-000010,standard_name,"""Fenghuang Wo village plantation""",SRC-000001,OpenAlex,https://doi.org/10.1038/s41598-026-61192-4,DOC-000196,Metabolomic dynamics of flavor compound synthesis in Pu’er green tea produced from Camellia sinensis var. assamica under seasonal variation,Section 2.1 Sample collection; extracted fulltext lines 175–184,B,2026-08-01T07:58:19+00:00,"Fenghuang Wo village plantation (23°29′N, 101°39′E; elevation 1618–1783 m)."
PEV-SITE-34EE8C204017F2CB,PLC-000010,standard_name,"""Fenghuang Wo village plantation""",SRC-000001,OpenAlex,https://www.nature.com/articles/s41598-026-61192-4_reference.pdf?error=cookies_not_supported&code=a5d3f237-b716-498a-91af-ec3eeb344333,DOC-000196,Metabolomic dynamics of flavor compound synthesis in Pu’er green tea produced from Camellia sinensis var. assamica under seasonal variation,採樣位置與海拔的本地全文研究,B,2026-09-12T07:43:33+00:00,策展來源支持名稱、地理層級或包含關係；欄位採知識庫受控值，並不構成產品產地證明。
PEV-SITE-1B4A707BC7CE0A20,PLC-000011,admin_level,"""自治縣""",SRC-000014,UNESCO World Heritage Centre,https://whc.unesco.org/en/list/1665,,,UNESCO 景邁山世界遺產頁,A,2026-09-12T07:43:33+00:00,策展來源支持名稱、地理層級或包含關係；欄位採知識庫受控值，並不構成產品產地證明。
PEV-SITE-6D27AF345077914B,PLC-000011,latitude,22.6720893,SRC-000013,OpenStreetMap Nominatim,https://www.openstreetmap.org/relation/2715426,,,OSM relation 2715426；瀾滄拉祜族自治縣,C,2026-09-12T07:43:33+00:00,公開地理資料的標籤點或代表點；不等於行政區幾何中心、茶區邊界或單一茶園位置。
PEV-SITE-13C752B401E3DDD0,PLC-000011,longitude,99.9742497,SRC-000013,OpenStreetMap Nominatim,https://www.openstreetmap.org/relation/2715426,,,OSM relation 2715426；瀾滄拉祜族自治縣,C,2026-09-12T07:43:33+00:00,公開地理資料的標籤點或代表點；不等於行政區幾何中心、茶區邊界或單一茶園位置。
PEV-SITE-974820E5F8153F29,PLC-000011,parent_place_id,"""PLC-000008""",SRC-000014,UNESCO World Heritage Centre,https://whc.unesco.org/en/list/1665,,,UNESCO 景邁山世界遺產頁,A,2026-09-12T07:43:33+00:00,策展來源支持名稱、地理層級或包含關係；欄位採知識庫受控值，並不構成產品產地證明。
PEV-SITE-4019B943EF4D9E91,PLC-000011,precision,"""OSM 行政區 relation 標籤點；非縣域幾何中心或茶園位置""",SRC-000013,OpenStreetMap Nominatim,https://www.openstreetmap.org/relation/2715426,,,OSM relation 2715426；瀾滄拉祜族自治縣,C,2026-09-12T07:43:33+00:00,公開地理資料的標籤點或代表點；不等於行政區幾何中心、茶區邊界或單一茶園位置。
PEV-SITE-0AD62E326E0E1343,PLC-000011,standard_name,"""瀾滄拉祜族自治縣""",SRC-000014,UNESCO World Heritage Centre,https://whc.unesco.org/en/list/1665,,,UNESCO 景邁山世界遺產頁,A,2026-09-12T07:43:33+00:00,策展來源支持名稱、地理層級或包含關係；欄位採知識庫受控值，並不構成產品產地證明。
PEV-SITE-10DD1FE3A682213B,PLC-000012,admin_level,"""鎮""",SRC-000014,UNESCO World Heritage Centre,https://whc.unesco.org/en/list/1665/documents/,,,UNESCO 提名及評估文件,A,2026-09-12T07:43:33+00:00,策展來源支持名稱、地理層級或包含關係；欄位採知識庫受控值，並不構成產品產地證明。
PEV-SITE-BBAC1CC66B274FCE,PLC-000012,latitude,22.2622,SRC-000013,OpenStreetMap Nominatim,https://www.openstreetmap.org/relation/10175786,,,OSM relation 10175786；惠民鎮,C,2026-09-12T07:43:33+00:00,公開地理資料的標籤點或代表點；不等於行政區幾何中心、茶區邊界或單一茶園位置。
PEV-SITE-7CCF0C92E3947563,PLC-000012,longitude,100.079,SRC-000013,OpenStreetMap Nominatim,https://www.openstreetmap.org/relation/10175786,,,OSM relation 10175786；惠民鎮,C,2026-09-12T07:43:33+00:00,公開地理資料的標籤點或代表點；不等於行政區幾何中心、茶區邊界或單一茶園位置。
PEV-SITE-39F8955F10675629,PLC-000012,parent_place_id,"""PLC-000011""",SRC-000014,UNESCO World Heritage Centre,https://whc.unesco.org/en/list/1665/documents/,,,UNESCO 提名及評估文件,A,2026-09-12T07:43:33+00:00,策展來源支持名稱、地理層級或包含關係；欄位採知識庫受控值，並不構成產品產地證明。
PEV-SITE-9959E7911FE8B67A,PLC-000012,precision,"""OSM 行政區 relation 標籤點；非鎮域幾何中心或茶園位置""",SRC-000013,OpenStreetMap Nominatim,https://www.openstreetmap.org/relation/10175786,,,OSM relation 10175786；惠民鎮,C,2026-09-12T07:43:33+00:00,公開地理資料的標籤點或代表點；不等於行政區幾何中心、茶區邊界或單一茶園位置。
PEV-SITE-0CEB590CBA7D9342,PLC-000012,standard_name,"""惠民鎮""",SRC-000014,UNESCO World Heritage Centre,https://whc.unesco.org/en/list/1665/documents/,,,UNESCO 提名及評估文件,A,2026-09-12T07:43:33+00:00,策展來源支持名稱、地理層級或包含關係；欄位採知識庫受控值，並不構成產品產地證明。
PEV-SITE-8F7F6BDF24EA8BC1,PLC-000013,admin_level,"""遺產地山體分區""",SRC-000014,UNESCO World Heritage Centre,https://whc.unesco.org/en/list/1665/documents/,,,UNESCO 提名及 ICOMOS 評估文件,A,2026-09-12T07:43:33+00:00,策展來源支持名稱、地理層級或包含關係；欄位採知識庫受控值，並不構成產品產地證明。
PEV-SITE-49EC3BE774A640F5,PLC-000013,parent_place_id,"""PLC-000002""",SRC-000014,UNESCO World Heritage Centre,https://whc.unesco.org/en/list/1665/documents/,,,UNESCO 提名及 ICOMOS 評估文件,A,2026-09-12T07:43:33+00:00,策展來源支持名稱、地理層級或包含關係；欄位採知識庫受控值，並不構成產品產地證明。
PEV-SITE-2CF56D2F4B2B0503,PLC-000013,standard_name,"""白象山""",SRC-000014,UNESCO World Heritage Centre,https://whc.unesco.org/en/list/1665/documents/,,,UNESCO 提名及 ICOMOS 評估文件,A,2026-09-12T07:43:33+00:00,策展來源支持名稱、地理層級或包含關係；欄位採知識庫受控值，並不構成產品產地證明。
PEV-SITE-CEBCAFCB8C6C1E93,PLC-000014,admin_level,"""遺產地山體分區""",SRC-000014,UNESCO World Heritage Centre,https://whc.unesco.org/en/list/1665/documents/,,,UNESCO 提名及 ICOMOS 評估文件,A,2026-09-12T07:43:33+00:00,策展來源支持名稱、地理層級或包含關係；欄位採知識庫受控值，並不構成產品產地證明。
PEV-SITE-A1CA87CE83632BBB,PLC-000014,parent_place_id,"""PLC-000002""",SRC-000014,UNESCO World Heritage Centre,https://whc.unesco.org/en/list/1665/documents/,,,UNESCO 提名及 ICOMOS 評估文件,A,2026-09-12T07:43:33+00:00,策展來源支持名稱、地理層級或包含關係；欄位採知識庫受控值，並不構成產品產地證明。
PEV-SITE-A3D697E951F4AA99,PLC-000014,standard_name,"""糯崗山""",SRC-000014,UNESCO World Heritage Centre,https://whc.unesco.org/en/list/1665/documents/,,,UNESCO 提名及 ICOMOS 評估文件,A,2026-09-12T07:43:33+00:00,策展來源支持名稱、地理層級或包含關係；欄位採知識庫受控值，並不構成產品產地證明。
PEV-SITE-75628C76550D0451,PLC-000015,admin_level,"""遺產地山體分區""",SRC-000014,UNESCO World Heritage Centre,https://whc.unesco.org/en/list/1665/documents/,,,UNESCO 提名及 ICOMOS 評估文件,A,2026-09-12T07:43:33+00:00,策展來源支持名稱、地理層級或包含關係；欄位採知識庫受控值，並不構成產品產地證明。
PEV-SITE-006BE36218587B61,PLC-000015,parent_place_id,"""PLC-000002""",SRC-000014,UNESCO World Heritage Centre,https://whc.unesco.org/en/list/1665/documents/,,,UNESCO 提名及 ICOMOS 評估文件,A,2026-09-12T07:43:33+00:00,策展來源支持名稱、地理層級或包含關係；欄位採知識庫受控值，並不構成產品產地證明。
PEV-SITE-C99A7345D088EC8F,PLC-000015,standard_name,"""芒景山（岩冷山）""",SRC-000014,UNESCO World Heritage Centre,https://whc.unesco.org/en/list/1665/documents/,,,UNESCO 提名及 ICOMOS 評估文件,A,2026-09-12T07:43:33+00:00,策展來源支持名稱、地理層級或包含關係；欄位採知識庫受控值，並不構成產品產地證明。
PEV-SITE-F2A6F76DB7B77D74,PLC-000016,admin_level,"""古茶林群""",SRC-000014,UNESCO World Heritage Centre,https://whc.unesco.org/en/list/1665/documents/,,,UNESCO 提名文件,A,2026-09-12T07:43:33+00:00,策展來源支持名稱、地理層級或包含關係；欄位採知識庫受控值，並不構成產品產地證明。
PEV-SITE-BC1AA224C1A5B1AB,PLC-000016,latitude,22.2059116,SRC-000013,OpenStreetMap Nominatim,https://www.openstreetmap.org/relation/16367887,,,OSM relation 16367887；TF-01 芒埂—勐本古茶林,C,2026-09-12T07:43:33+00:00,公開地理資料的標籤點或代表點；不等於行政區幾何中心、茶區邊界或單一茶園位置。
PEV-SITE-D71A976B60659A09,PLC-000016,longitude,100.0508906,SRC-000013,OpenStreetMap Nominatim,https://www.openstreetmap.org/relation/16367887,,,OSM relation 16367887；TF-01 芒埂—勐本古茶林,C,2026-09-12T07:43:33+00:00,公開地理資料的標籤點或代表點；不等於行政區幾何中心、茶區邊界或單一茶園位置。
PEV-SITE-A4C20D07560D103D,PLC-000016,parent_place_id,"""PLC-000013""",SRC-000014,UNESCO World Heritage Centre,https://whc.unesco.org/en/list/1665/documents/,,,UNESCO 提名文件,A,2026-09-12T07:43:33+00:00,策展來源支持名稱、地理層級或包含關係；欄位採知識庫受控值，並不構成產品產地證明。
PEV-SITE-05708D65A2583045,PLC-000016,precision,"""OSM 已命名遺產構成要素 relation 代表點；實際範圍以 UNESCO 提名圖為準""",SRC-000013,OpenStreetMap Nominatim,https://www.openstreetmap.org/relation/16367887,,,OSM relation 16367887；TF-01 芒埂—勐本古茶林,C,2026-09-12T07:43:33+00:00,公開地理資料的標籤點或代表點；不等於行政區幾何中心、茶區邊界或單一茶園位置。
PEV-SITE-09CA1E3E829ECBB9,PLC-000016,standard_name,"""芒埂—勐本古茶林""",SRC-000014,UNESCO World Heritage Centre,https://whc.unesco.org/en/list/1665/documents/,,,UNESCO 提名文件,A,2026-09-12T07:43:33+00:00,策展來源支持名稱、地理層級或包含關係；欄位採知識庫受控值，並不構成產品產地證明。
PEV-SITE-FC0802644746191D,PLC-000017,admin_level,"""古茶林群""",SRC-000014,UNESCO World Heritage Centre,https://whc.unesco.org/en/list/1665/documents/,,,UNESCO 提名文件,A,2026-09-12T07:43:33+00:00,策展來源支持名稱、地理層級或包含關係；欄位採知識庫受控值，並不構成產品產地證明。
PEV-SITE-409B1FDA84154B17,PLC-000017,latitude,22.2064852,SRC-000013,OpenStreetMap Nominatim,https://www.openstreetmap.org/relation/16367888,,,OSM relation 16367888；TF-02 景邁大寨古茶林,C,2026-09-12T07:43:33+00:00,公開地理資料的標籤點或代表點；不等於行政區幾何中心、茶區邊界或單一茶園位置。
PEV-SITE-3FD6EB11D08326B7,PLC-000017,longitude,100.0314841,SRC-000013,OpenStreetMap Nominatim,https://www.openstreetmap.org/relation/16367888,,,OSM relation 16367888；TF-02 景邁大寨古茶林,C,2026-09-12T07:43:33+00:00,公開地理資料的標籤點或代表點；不等於行政區幾何中心、茶區邊界或單一茶園位置。
PEV-SITE-3F1D5D256058F2EC,PLC-000017,parent_place_id,"""PLC-000013""",SRC-000014,UNESCO World Heritage Centre,https://whc.unesco.org/en/list/1665/documents/,,,UNESCO 提名文件,A,2026-09-12T07:43:33+00:00,策展來源支持名稱、地理層級或包含關係；欄位採知識庫受控值，並不構成產品產地證明。
PEV-SITE-990CFBCB9475B142,PLC-000017,precision,"""OSM 已命名遺產構成要素 relation 代表點；實際範圍以 UNESCO 提名圖為準""",SRC-000013,OpenStreetMap Nominatim,https://www.openstreetmap.org/relation/16367888,,,OSM relation 16367888；TF-02 景邁大寨古茶林,C,2026-09-12T07:43:33+00:00,公開地理資料的標籤點或代表點；不等於行政區幾何中心、茶區邊界或單一茶園位置。
PEV-SITE-F2DE926D8109B6C5,PLC-000017,standard_name,"""景邁大寨—大平掌古茶林""",SRC-000014,UNESCO World Heritage Centre,https://whc.unesco.org/en/list/1665/documents/,,,UNESCO 提名文件,A,2026-09-12T07:43:33+00:00,策展來源支持名稱、地理層級或包含關係；欄位採知識庫受控值，並不構成產品產地證明。
PEV-SITE-5872D5A709A6CE6C,PLC-000018,admin_level,"""古茶林群""",SRC-000014,UNESCO World Heritage Centre,https://whc.unesco.org/en/list/1665/documents/,,,UNESCO 提名文件,A,2026-09-12T07:43:33+00:00,策展來源支持名稱、地理層級或包含關係；欄位採知識庫受控值，並不構成產品產地證明。
PEV-SITE-601A2C108FDA1C95,PLC-000018,latitude,22.2175973,SRC-000013,OpenStreetMap Nominatim,https://www.openstreetmap.org/relation/16367886,,,OSM relation 16367886；TF-03 糯崗古茶林,C,2026-09-12T07:43:33+00:00,公開地理資料的標籤點或代表點；不等於行政區幾何中心、茶區邊界或單一茶園位置。
PEV-SITE-B314D91F392AED28,PLC-000018,longitude,100.0042208,SRC-000013,OpenStreetMap Nominatim,https://www.openstreetmap.org/relation/16367886,,,OSM relation 16367886；TF-03 糯崗古茶林,C,2026-09-12T07:43:33+00:00,公開地理資料的標籤點或代表點；不等於行政區幾何中心、茶區邊界或單一茶園位置。
PEV-SITE-75B5EE125334700F,PLC-000018,parent_place_id,"""PLC-000014""",SRC-000014,UNESCO World Heritage Centre,https://whc.unesco.org/en/list/1665/documents/,,,UNESCO 提名文件,A,2026-09-12T07:43:33+00:00,策展來源支持名稱、地理層級或包含關係；欄位採知識庫受控值，並不構成產品產地證明。
PEV-SITE-3F333E43D0CB0A08,PLC-000018,precision,"""OSM 已命名遺產構成要素 relation 代表點；實際範圍以 UNESCO 提名圖為準""",SRC-000013,OpenStreetMap Nominatim,https://www.openstreetmap.org/relation/16367886,,,OSM relation 16367886；TF-03 糯崗古茶林,C,2026-09-12T07:43:33+00:00,公開地理資料的標籤點或代表點；不等於行政區幾何中心、茶區邊界或單一茶園位置。
PEV-SITE-C4B02E2DEA6AEE67,PLC-000018,standard_name,"""糯崗古茶林""",SRC-000014,UNESCO World Heritage Centre,https://whc.unesco.org/en/list/1665/documents/,,,UNESCO 提名文件,A,2026-09-12T07:43:33+00:00,策展來源支持名稱、地理層級或包含關係；欄位採知識庫受控值，並不構成產品產地證明。
PEV-SITE-09AF6318A09A4B44,PLC-000019,admin_level,"""古茶林群""",SRC-000014,UNESCO World Heritage Centre,https://whc.unesco.org/en/list/1665/documents/,,,UNESCO 提名文件,A,2026-09-12T07:43:33+00:00,策展來源支持名稱、地理層級或包含關係；欄位採知識庫受控值，並不構成產品產地證明。
PEV-SITE-DDA4D1344FB91703,PLC-000019,latitude,22.1594369,SRC-000013,OpenStreetMap Nominatim,https://www.openstreetmap.org/relation/16367885,,,OSM relation 16367885；TF-04 芒景上下寨—芒洪古茶林,C,2026-09-12T07:43:33+00:00,公開地理資料的標籤點或代表點；不等於行政區幾何中心、茶區邊界或單一茶園位置。
PEV-SITE-449C7533C5564709,PLC-000019,longitude,100.0016514,SRC-000013,OpenStreetMap Nominatim,https://www.openstreetmap.org/relation/16367885,,,OSM relation 16367885；TF-04 芒景上下寨—芒洪古茶林,C,2026-09-12T07:43:33+00:00,公開地理資料的標籤點或代表點；不等於行政區幾何中心、茶區邊界或單一茶園位置。
PEV-SITE-EE222A7E120110C4,PLC-000019,parent_place_id,"""PLC-000015""",SRC-000014,UNESCO World Heritage Centre,https://whc.unesco.org/en/list/1665/documents/,,,UNESCO 提名文件,A,2026-09-12T07:43:33+00:00,策展來源支持名稱、地理層級或包含關係；欄位採知識庫受控值，並不構成產品產地證明。
PEV-SITE-7A606B544AE0411E,PLC-000019,precision,"""OSM 已命名遺產構成要素 relation 代表點；實際範圍以 UNESCO 提名圖為準""",SRC-000013,OpenStreetMap Nominatim,https://www.openstreetmap.org/relation/16367885,,,OSM relation 16367885；TF-04 芒景上下寨—芒洪古茶林,C,2026-09-12T07:43:33+00:00,公開地理資料的標籤點或代表點；不等於行政區幾何中心、茶區邊界或單一茶園位置。
PEV-SITE-62A883F1212419DC,PLC-000019,standard_name,"""芒景上寨—芒景下寨—芒洪古茶林""",SRC-000014,UNESCO World Heritage Centre,https://whc.unesco.org/en/list/1665/documents/,,,UNESCO 提名文件,A,2026-09-12T07:43:33+00:00,策展來源支持名稱、地理層級或包含關係；欄位採知識庫受控值，並不構成產品產地證明。
PEV-SITE-74B94754187B582D,PLC-000020,admin_level,"""古茶林群""",SRC-000014,UNESCO World Heritage Centre,https://whc.unesco.org/en/list/1665/documents/,,,UNESCO 提名文件,A,2026-09-12T07:43:33+00:00,策展來源支持名稱、地理層級或包含關係；欄位採知識庫受控值，並不構成產品產地證明。
PEV-SITE-0F6ACBE7BE81F947,PLC-000020,latitude,22.177207,SRC-000013,OpenStreetMap Nominatim,https://www.openstreetmap.org/relation/16367884,,,OSM relation 16367884；TF-05 翁基—翁洼古茶林,C,2026-09-12T07:43:33+00:00,公開地理資料的標籤點或代表點；不等於行政區幾何中心、茶區邊界或單一茶園位置。
PEV-SITE-0DBDAB914E2614C7,PLC-000020,longitude,99.9925316,SRC-000013,OpenStreetMap Nominatim,https://www.openstreetmap.org/relation/16367884,,,OSM relation 16367884；TF-05 翁基—翁洼古茶林,C,2026-09-12T07:43:33+00:00,公開地理資料的標籤點或代表點；不等於行政區幾何中心、茶區邊界或單一茶園位置。
PEV-SITE-97AA506B5DE4FDBA,PLC-000020,parent_place_id,"""PLC-000015""",SRC-000014,UNESCO World Heritage Centre,https://whc.unesco.org/en/list/1665/documents/,,,UNESCO 提名文件,A,2026-09-12T07:43:33+00:00,策展來源支持名稱、地理層級或包含關係；欄位採知識庫受控值，並不構成產品產地證明。
PEV-SITE-72BF4EA92BAC7ED5,PLC-000020,precision,"""OSM 已命名遺產構成要素 relation 代表點；實際範圍以 UNESCO 提名圖為準""",SRC-000013,OpenStreetMap Nominatim,https://www.openstreetmap.org/relation/16367884,,,OSM relation 16367884；TF-05 翁基—翁洼古茶林,C,2026-09-12T07:43:33+00:00,公開地理資料的標籤點或代表點；不等於行政區幾何中心、茶區邊界或單一茶園位置。
PEV-SITE-811BEB8B1228F8D6,PLC-000020,standard_name,"""翁基—翁洼古茶林""",SRC-000014,UNESCO World Heritage Centre,https://whc.unesco.org/en/list/1665/documents/,,,UNESCO 提名文件,A,2026-09-12T07:43:33+00:00,策展來源支持名稱、地理層級或包含關係；欄位採知識庫受控值，並不構成產品產地證明。
PEV-SITE-27430D259816EB5F,PLC-000021,admin_level,"""傳統村寨""",SRC-000014,UNESCO World Heritage Centre,https://whc.unesco.org/en/list/1665/documents/,,,UNESCO 提名文件,A,2026-09-12T07:43:33+00:00,策展來源支持名稱、地理層級或包含關係；欄位採知識庫受控值，並不構成產品產地證明。
PEV-SITE-E5EDD1E44A408FC0,PLC-000021,parent_place_id,"""PLC-000012""",SRC-000014,UNESCO World Heritage Centre,https://whc.unesco.org/en/list/1665/documents/,,,UNESCO 提名文件,A,2026-09-12T07:43:33+00:00,策展來源支持名稱、地理層級或包含關係；欄位採知識庫受控值，並不構成產品產地證明。
PEV-SITE-C554689B7CFF75A5,PLC-000021,standard_name,"""景邁大寨""",SRC-000014,UNESCO World Heritage Centre,https://whc.unesco.org/en/list/1665/documents/,,,UNESCO 提名文件,A,2026-09-12T07:43:33+00:00,策展來源支持名稱、地理層級或包含關係；欄位採知識庫受控值，並不構成產品產地證明。
PEV-SITE-5F96D4C61A77786A,PLC-000022,admin_level,"""傳統村寨""",SRC-000014,UNESCO World Heritage Centre,https://whc.unesco.org/en/list/1665/documents/,,,UNESCO 提名文件,A,2026-09-12T07:43:33+00:00,策展來源支持名稱、地理層級或包含關係；欄位採知識庫受控值，並不構成產品產地證明。
PEV-SITE-4C23E6EA9CA0367D,PLC-000022,latitude,22.20354,SRC-000013,OpenStreetMap Nominatim,https://www.openstreetmap.org/node/11212087615,,,OSM node 11212087615；勐本,C,2026-09-12T07:43:33+00:00,公開地理資料的標籤點或代表點；不等於行政區幾何中心、茶區邊界或單一茶園位置。
PEV-SITE-6A1924EEEB137D3C,PLC-000022,longitude,100.0485635,SRC-000013,OpenStreetMap Nominatim,https://www.openstreetmap.org/node/11212087615,,,OSM node 11212087615；勐本,C,2026-09-12T07:43:33+00:00,公開地理資料的標籤點或代表點；不等於行政區幾何中心、茶區邊界或單一茶園位置。
PEV-SITE-24ED7D1ED5E537C5,PLC-000022,parent_place_id,"""PLC-000012""",SRC-000014,UNESCO World Heritage Centre,https://whc.unesco.org/en/list/1665/documents/,,,UNESCO 提名文件,A,2026-09-12T07:43:33+00:00,策展來源支持名稱、地理層級或包含關係；欄位採知識庫受控值，並不構成產品產地證明。
PEV-SITE-7A74F35B1CD1A0B7,PLC-000022,precision,"""OSM 公開聚落標籤點；非村域邊界或茶園位置""",SRC-000013,OpenStreetMap Nominatim,https://www.openstreetmap.org/node/11212087615,,,OSM node 11212087615；勐本,C,2026-09-12T07:43:33+00:00,公開地理資料的標籤點或代表點；不等於行政區幾何中心、茶區邊界或單一茶園位置。
PEV-SITE-CAB0CC4F68A4714D,PLC-000022,standard_name,"""勐本""",SRC-000014,UNESCO World Heritage Centre,https://whc.unesco.org/en/list/1665/documents/,,,UNESCO 提名文件,A,2026-09-12T07:43:33+00:00,策展來源支持名稱、地理層級或包含關係；欄位採知識庫受控值，並不構成產品產地證明。
PEV-SITE-407F79282135674E,PLC-000023,admin_level,"""傳統村寨""",SRC-000014,UNESCO World Heritage Centre,https://whc.unesco.org/en/list/1665/documents/,,,UNESCO 提名文件,A,2026-09-12T07:43:33+00:00,策展來源支持名稱、地理層級或包含關係；欄位採知識庫受控值，並不構成產品產地證明。
PEV-SITE-7ED0712055CBD50C,PLC-000023,latitude,22.202452,SRC-000013,OpenStreetMap Nominatim,https://www.openstreetmap.org/node/6894681516,,,OSM node 6894681516；芒埂,C,2026-09-12T07:43:33+00:00,公開地理資料的標籤點或代表點；不等於行政區幾何中心、茶區邊界或單一茶園位置。
PEV-SITE-E2311E4B196770A7,PLC-000023,longitude,100.0535391,SRC-000013,OpenStreetMap Nominatim,https://www.openstreetmap.org/node/6894681516,,,OSM node 6894681516；芒埂,C,2026-09-12T07:43:33+00:00,公開地理資料的標籤點或代表點；不等於行政區幾何中心、茶區邊界或單一茶園位置。
PEV-SITE-76C76EBFBAF5118B,PLC-000023,parent_place_id,"""PLC-000012""",SRC-000014,UNESCO World Heritage Centre,https://whc.unesco.org/en/list/1665/documents/,,,UNESCO 提名文件,A,2026-09-12T07:43:33+00:00,策展來源支持名稱、地理層級或包含關係；欄位採知識庫受控值，並不構成產品產地證明。
PEV-SITE-C8C0D12D0DDE8C69,PLC-000023,precision,"""OSM 公開聚落標籤點；非村域邊界或茶園位置""",SRC-000013,OpenStreetMap Nominatim,https://www.openstreetmap.org/node/6894681516,,,OSM node 6894681516；芒埂,C,2026-09-12T07:43:33+00:00,公開地理資料的標籤點或代表點；不等於行政區幾何中心、茶區邊界或單一茶園位置。
PEV-SITE-32DF0932CB50C1D6,PLC-000023,standard_name,"""芒埂""",SRC-000014,UNESCO World Heritage Centre,https://whc.unesco.org/en/list/1665/documents/,,,UNESCO 提名文件,A,2026-09-12T07:43:33+00:00,策展來源支持名稱、地理層級或包含關係；欄位採知識庫受控值，並不構成產品產地證明。
PEV-SITE-566BFC75BF38F2D5,PLC-000024,admin_level,"""傳統村寨""",SRC-000014,UNESCO World Heritage Centre,https://whc.unesco.org/en/list/1665/documents/,,,UNESCO 提名文件,A,2026-09-12T07:43:33+00:00,策展來源支持名稱、地理層級或包含關係；欄位採知識庫受控值，並不構成產品產地證明。
PEV-SITE-10DA0AD9829BB621,PLC-000024,latitude,22.2166836,SRC-000013,OpenStreetMap Nominatim,https://www.openstreetmap.org/node/11212087618,,,OSM node 11212087618；糯崗,C,2026-09-12T07:43:33+00:00,公開地理資料的標籤點或代表點；不等於行政區幾何中心、茶區邊界或單一茶園位置。
PEV-SITE-E7C028184AACD17A,PLC-000024,longitude,99.9998707,SRC-000013,OpenStreetMap Nominatim,https://www.openstreetmap.org/node/11212087618,,,OSM node 11212087618；糯崗,C,2026-09-12T07:43:33+00:00,公開地理資料的標籤點或代表點；不等於行政區幾何中心、茶區邊界或單一茶園位置。
PEV-SITE-0CD62FA1E987B38C,PLC-000024,parent_place_id,"""PLC-000012""",SRC-000014,UNESCO World Heritage Centre,https://whc.unesco.org/en/list/1665/documents/,,,UNESCO 提名文件,A,2026-09-12T07:43:33+00:00,策展來源支持名稱、地理層級或包含關係；欄位採知識庫受控值，並不構成產品產地證明。
PEV-SITE-EB7AA9BF7231A717,PLC-000024,precision,"""OSM 糯崗聚落標籤點；作糯崗老寨參考，不代表村域或茶園邊界""",SRC-000013,OpenStreetMap Nominatim,https://www.openstreetmap.org/node/11212087618,,,OSM node 11212087618；糯崗,C,2026-09-12T07:43:33+00:00,公開地理資料的標籤點或代表點；不等於行政區幾何中心、茶區邊界或單一茶園位置。
PEV-SITE-6556895B483681EA,PLC-000024,standard_name,"""糯崗老寨""",SRC-000014,UNESCO World Heritage Centre,https://whc.unesco.org/en/list/1665/documents/,,,UNESCO 提名文件,A,2026-09-12T07:43:33+00:00,策展來源支持名稱、地理層級或包含關係；欄位採知識庫受控值，並不構成產品產地證明。
PEV-SITE-1AB053FAFC415BB5,PLC-000025,admin_level,"""傳統村寨""",SRC-000014,UNESCO World Heritage Centre,https://whc.unesco.org/en/list/1665/documents/,,,UNESCO 提名文件,A,2026-09-12T07:43:33+00:00,策展來源支持名稱、地理層級或包含關係；欄位採知識庫受控值，並不構成產品產地證明。
PEV-SITE-D32B62F24C3472E4,PLC-000025,latitude,22.1665462,SRC-000013,OpenStreetMap Nominatim,https://www.openstreetmap.org/node/11212087622,,,OSM node 11212087622；芒景上寨,C,2026-09-12T07:43:33+00:00,公開地理資料的標籤點或代表點；不等於行政區幾何中心、茶區邊界或單一茶園位置。
PEV-SITE-83997413FA984012,PLC-000025,longitude,100.0129706,SRC-000013,OpenStreetMap Nominatim,https://www.openstreetmap.org/node/11212087622,,,OSM node 11212087622；芒景上寨,C,2026-09-12T07:43:33+00:00,公開地理資料的標籤點或代表點；不等於行政區幾何中心、茶區邊界或單一茶園位置。
PEV-SITE-BD30F2CE41782035,PLC-000025,parent_place_id,"""PLC-000012""",SRC-000014,UNESCO World Heritage Centre,https://whc.unesco.org/en/list/1665/documents/,,,UNESCO 提名文件,A,2026-09-12T07:43:33+00:00,策展來源支持名稱、地理層級或包含關係；欄位採知識庫受控值，並不構成產品產地證明。
PEV-SITE-241C6D60257E22D6,PLC-000025,precision,"""OSM 公開聚落標籤點；非村域邊界或茶園位置""",SRC-000013,OpenStreetMap Nominatim,https://www.openstreetmap.org/node/11212087622,,,OSM node 11212087622；芒景上寨,C,2026-09-12T07:43:33+00:00,公開地理資料的標籤點或代表點；不等於行政區幾何中心、茶區邊界或單一茶園位置。
PEV-SITE-6401ED8A9169B390,PLC-000025,standard_name,"""芒景上寨""",SRC-000014,UNESCO World Heritage Centre,https://whc.unesco.org/en/list/1665/documents/,,,UNESCO 提名文件,A,2026-09-12T07:43:33+00:00,策展來源支持名稱、地理層級或包含關係；欄位採知識庫受控值，並不構成產品產地證明。
PEV-SITE-1470D616BBEC0DEA,PLC-000026,admin_level,"""傳統村寨""",SRC-000014,UNESCO World Heritage Centre,https://whc.unesco.org/en/list/1665/documents/,,,UNESCO 提名文件,A,2026-09-12T07:43:33+00:00,策展來源支持名稱、地理層級或包含關係；欄位採知識庫受控值，並不構成產品產地證明。
PEV-SITE-ACF669804F68D167,PLC-000026,latitude,22.1593623,SRC-000013,OpenStreetMap Nominatim,https://www.openstreetmap.org/node/11212087621,,,OSM node 11212087621；芒景下寨,C,2026-09-12T07:43:33+00:00,公開地理資料的標籤點或代表點；不等於行政區幾何中心、茶區邊界或單一茶園位置。
PEV-SITE-25B5AEE352CA5A41,PLC-000026,longitude,100.0164521,SRC-000013,OpenStreetMap Nominatim,https://www.openstreetmap.org/node/11212087621,,,OSM node 11212087621；芒景下寨,C,2026-09-12T07:43:33+00:00,公開地理資料的標籤點或代表點；不等於行政區幾何中心、茶區邊界或單一茶園位置。
PEV-SITE-D36D67CEA153F22B,PLC-000026,parent_place_id,"""PLC-000012""",SRC-000014,UNESCO World Heritage Centre,https://whc.unesco.org/en/list/1665/documents/,,,UNESCO 提名文件,A,2026-09-12T07:43:33+00:00,策展來源支持名稱、地理層級或包含關係；欄位採知識庫受控值，並不構成產品產地證明。
PEV-SITE-8FAB92E61C8C7C8B,PLC-000026,precision,"""OSM 公開聚落標籤點；非村域邊界或茶園位置""",SRC-000013,OpenStreetMap Nominatim,https://www.openstreetmap.org/node/11212087621,,,OSM node 11212087621；芒景下寨,C,2026-09-12T07:43:33+00:00,公開地理資料的標籤點或代表點；不等於行政區幾何中心、茶區邊界或單一茶園位置。
PEV-SITE-73D6096C2EACBEDB,PLC-000026,standard_name,"""芒景下寨""",SRC-000014,UNESCO World Heritage Centre,https://whc.unesco.org/en/list/1665/documents/,,,UNESCO 提名文件,A,2026-09-12T07:43:33+00:00,策展來源支持名稱、地理層級或包含關係；欄位採知識庫受控值，並不構成產品產地證明。
PEV-SITE-6B04D63C113A7525,PLC-000027,admin_level,"""傳統村寨""",SRC-000014,UNESCO World Heritage Centre,https://whc.unesco.org/en/list/1665/documents/,,,UNESCO 提名文件,A,2026-09-12T07:43:33+00:00,策展來源支持名稱、地理層級或包含關係；欄位採知識庫受控值，並不構成產品產地證明。
PEV-SITE-320A518757F3F1A7,PLC-000027,latitude,22.1462407,SRC-000013,OpenStreetMap Nominatim,https://www.openstreetmap.org/node/11212087620,,,OSM node 11212087620；惠民鎮芒景村芒洪,C,2026-09-12T07:43:33+00:00,公開地理資料的標籤點或代表點；不等於行政區幾何中心、茶區邊界或單一茶園位置。
PEV-SITE-8B48A82164535F71,PLC-000027,longitude,100.0141668,SRC-000013,OpenStreetMap Nominatim,https://www.openstreetmap.org/node/11212087620,,,OSM node 11212087620；惠民鎮芒景村芒洪,C,2026-09-12T07:43:33+00:00,公開地理資料的標籤點或代表點；不等於行政區幾何中心、茶區邊界或單一茶園位置。
PEV-SITE-A59046D8A562425B,PLC-000027,parent_place_id,"""PLC-000012""",SRC-000014,UNESCO World Heritage Centre,https://whc.unesco.org/en/list/1665/documents/,,,UNESCO 提名文件,A,2026-09-12T07:43:33+00:00,策展來源支持名稱、地理層級或包含關係；欄位採知識庫受控值，並不構成產品產地證明。
PEV-SITE-5540B053AEDD0A90,PLC-000027,precision,"""OSM 公開聚落標籤點；非村域邊界或茶園位置""",SRC-000013,OpenStreetMap Nominatim,https://www.openstreetmap.org/node/11212087620,,,OSM node 11212087620；惠民鎮芒景村芒洪,C,2026-09-12T07:43:33+00:00,公開地理資料的標籤點或代表點；不等於行政區幾何中心、茶區邊界或單一茶園位置。
PEV-SITE-719C0280CB2087E4,PLC-000027,standard_name,"""芒洪""",SRC-000014,UNESCO World Heritage Centre,https://whc.unesco.org/en/list/1665/documents/,,,UNESCO 提名文件,A,2026-09-12T07:43:33+00:00,策展來源支持名稱、地理層級或包含關係；欄位採知識庫受控值，並不構成產品產地證明。
PEV-SITE-C753F5DF2C9846D5,PLC-000028,admin_level,"""傳統村寨""",SRC-000014,UNESCO World Heritage Centre,https://whc.unesco.org/en/list/1665/documents/,,,UNESCO 提名文件,A,2026-09-12T07:43:33+00:00,策展來源支持名稱、地理層級或包含關係；欄位採知識庫受控值，並不構成產品產地證明。
PEV-SITE-179638969D3CF43B,PLC-000028,latitude,22.1736769,SRC-000013,OpenStreetMap Nominatim,https://www.openstreetmap.org/node/11890597799,,,OSM node 11890597799；翁基,C,2026-09-12T07:43:33+00:00,公開地理資料的標籤點或代表點；不等於行政區幾何中心、茶區邊界或單一茶園位置。
PEV-SITE-D96EEBEF049B3BCF,PLC-000028,longitude,99.99894,SRC-000013,OpenStreetMap Nominatim,https://www.openstreetmap.org/node/11890597799,,,OSM node 11890597799；翁基,C,2026-09-12T07:43:33+00:00,公開地理資料的標籤點或代表點；不等於行政區幾何中心、茶區邊界或單一茶園位置。
PEV-SITE-2608D61E19F33D06,PLC-000028,parent_place_id,"""PLC-000012""",SRC-000014,UNESCO World Heritage Centre,https://whc.unesco.org/en/list/1665/documents/,,,UNESCO 提名文件,A,2026-09-12T07:43:33+00:00,策展來源支持名稱、地理層級或包含關係；欄位採知識庫受控值，並不構成產品產地證明。
PEV-SITE-85D67117084E0E4C,PLC-000028,precision,"""OSM 公開聚落標籤點；非村域邊界或茶園位置""",SRC-000013,OpenStreetMap Nominatim,https://www.openstreetmap.org/node/11890597799,,,OSM node 11890597799；翁基,C,2026-09-12T07:43:33+00:00,公開地理資料的標籤點或代表點；不等於行政區幾何中心、茶區邊界或單一茶園位置。
PEV-SITE-5C645965BE55C419,PLC-000028,standard_name,"""翁基""",SRC-000014,UNESCO World Heritage Centre,https://whc.unesco.org/en/list/1665/documents/,,,UNESCO 提名文件,A,2026-09-12T07:43:33+00:00,策展來源支持名稱、地理層級或包含關係；欄位採知識庫受控值，並不構成產品產地證明。
PEV-SITE-D6E2587DAD7056E4,PLC-000029,admin_level,"""傳統村寨""",SRC-000014,UNESCO World Heritage Centre,https://whc.unesco.org/en/list/1665/documents/,,,UNESCO 提名文件,A,2026-09-12T07:43:33+00:00,策展來源支持名稱、地理層級或包含關係；欄位採知識庫受控值，並不構成產品產地證明。
PEV-SITE-90AB7758E98E387C,PLC-000029,latitude,22.179805,SRC-000013,OpenStreetMap Nominatim,https://www.openstreetmap.org/node/11212087624,,,OSM node 11212087624；惠民鎮翁洼,C,2026-09-12T07:43:33+00:00,公開地理資料的標籤點或代表點；不等於行政區幾何中心、茶區邊界或單一茶園位置。
PEV-SITE-3F097F15FDF6FBDB,PLC-000029,longitude,99.9910569,SRC-000013,OpenStreetMap Nominatim,https://www.openstreetmap.org/node/11212087624,,,OSM node 11212087624；惠民鎮翁洼,C,2026-09-12T07:43:33+00:00,公開地理資料的標籤點或代表點；不等於行政區幾何中心、茶區邊界或單一茶園位置。
PEV-SITE-9FF96F015D910BEF,PLC-000029,parent_place_id,"""PLC-000012""",SRC-000014,UNESCO World Heritage Centre,https://whc.unesco.org/en/list/1665/documents/,,,UNESCO 提名文件,A,2026-09-12T07:43:33+00:00,策展來源支持名稱、地理層級或包含關係；欄位採知識庫受控值，並不構成產品產地證明。
PEV-SITE-C7E499AF68503A27,PLC-000029,precision,"""OSM 公開聚落標籤點；非村域邊界或茶園位置""",SRC-000013,OpenStreetMap Nominatim,https://www.openstreetmap.org/node/11212087624,,,OSM node 11212087624；惠民鎮翁洼,C,2026-09-12T07:43:33+00:00,公開地理資料的標籤點或代表點；不等於行政區幾何中心、茶區邊界或單一茶園位置。
PEV-SITE-576AA72711698977,PLC-000029,standard_name,"""翁洼""",SRC-000014,UNESCO World Heritage Centre,https://whc.unesco.org/en/list/1665/documents/,,,UNESCO 提名文件,A,2026-09-12T07:43:33+00:00,策展來源支持名稱、地理層級或包含關係；欄位採知識庫受控值，並不構成產品產地證明。
PEV-SITE-BEDD4648DDC16B2B,PLC-000030,admin_level,"""分隔防護林""",SRC-000014,UNESCO World Heritage Centre,https://whc.unesco.org/en/list/1665/documents/,,,UNESCO 提名文件,A,2026-09-12T07:43:33+00:00,策展來源支持名稱、地理層級或包含關係；欄位採知識庫受控值，並不構成產品產地證明。
PEV-SITE-8E1F767C634804FC,PLC-000030,latitude,22.2197477,SRC-000013,OpenStreetMap Nominatim,https://www.openstreetmap.org/relation/16367880,,,OSM relation 16367880；PF-01 景邁—糯崗分隔防護林,C,2026-09-12T07:43:33+00:00,公開地理資料的標籤點或代表點；不等於行政區幾何中心、茶區邊界或單一茶園位置。
PEV-SITE-0E7AE703AC93E31E,PLC-000030,longitude,100.0147891,SRC-000013,OpenStreetMap Nominatim,https://www.openstreetmap.org/relation/16367880,,,OSM relation 16367880；PF-01 景邁—糯崗分隔防護林,C,2026-09-12T07:43:33+00:00,公開地理資料的標籤點或代表點；不等於行政區幾何中心、茶區邊界或單一茶園位置。
PEV-SITE-28CC01A9CAB9B62E,PLC-000030,parent_place_id,"""PLC-000002""",SRC-000014,UNESCO World Heritage Centre,https://whc.unesco.org/en/list/1665/documents/,,,UNESCO 提名文件,A,2026-09-12T07:43:33+00:00,策展來源支持名稱、地理層級或包含關係；欄位採知識庫受控值，並不構成產品產地證明。
PEV-SITE-B033397753BF7C58,PLC-000030,precision,"""OSM 已命名遺產構成要素 relation 代表點；實際範圍以 UNESCO 提名圖為準""",SRC-000013,OpenStreetMap Nominatim,https://www.openstreetmap.org/relation/16367880,,,OSM relation 16367880；PF-01 景邁—糯崗分隔防護林,C,2026-09-12T07:43:33+00:00,公開地理資料的標籤點或代表點；不等於行政區幾何中心、茶區邊界或單一茶園位置。
PEV-SITE-062819D7B5DB3085,PLC-000030,standard_name,"""景邁—糯崗分隔防護林""",SRC-000014,UNESCO World Heritage Centre,https://whc.unesco.org/en/list/1665/documents/,,,UNESCO 提名文件,A,2026-09-12T07:43:33+00:00,策展來源支持名稱、地理層級或包含關係；欄位採知識庫受控值，並不構成產品產地證明。
PEV-SITE-963CB635D3F709FF,PLC-000031,admin_level,"""分隔防護林""",SRC-000014,UNESCO World Heritage Centre,https://whc.unesco.org/en/list/1665/documents/,,,UNESCO 提名文件,A,2026-09-12T07:43:33+00:00,策展來源支持名稱、地理層級或包含關係；欄位採知識庫受控值，並不構成產品產地證明。
PEV-SITE-6B6C4EDC0D28A1F6,PLC-000031,parent_place_id,"""PLC-000002""",SRC-000014,UNESCO World Heritage Centre,https://whc.unesco.org/en/list/1665/documents/,,,UNESCO 提名文件,A,2026-09-12T07:43:33+00:00,策展來源支持名稱、地理層級或包含關係；欄位採知識庫受控值，並不構成產品產地證明。
PEV-SITE-3D1E83AF92FF92DD,PLC-000031,standard_name,"""糯崗—芒景分隔防護林""",SRC-000014,UNESCO World Heritage Centre,https://whc.unesco.org/en/list/1665/documents/,,,UNESCO 提名文件,A,2026-09-12T07:43:33+00:00,策展來源支持名稱、地理層級或包含關係；欄位採知識庫受控值，並不構成產品產地證明。
PEV-SITE-AF3B6DA853E24C3A,PLC-000032,admin_level,"""分隔防護林""",SRC-000014,UNESCO World Heritage Centre,https://whc.unesco.org/en/list/1665/documents/,,,UNESCO 提名文件,A,2026-09-12T07:43:33+00:00,策展來源支持名稱、地理層級或包含關係；欄位採知識庫受控值，並不構成產品產地證明。
PEV-SITE-7FF4B412E1DB9414,PLC-000032,latitude,22.1849512,SRC-000013,OpenStreetMap Nominatim,https://www.openstreetmap.org/relation/16367883,,,OSM relation 16367883；PF-03 景邁—芒景分隔防護林,C,2026-09-12T07:43:33+00:00,公開地理資料的標籤點或代表點；不等於行政區幾何中心、茶區邊界或單一茶園位置。
PEV-SITE-03FF3B229964512E,PLC-000032,longitude,100.0157759,SRC-000013,OpenStreetMap Nominatim,https://www.openstreetmap.org/relation/16367883,,,OSM relation 16367883；PF-03 景邁—芒景分隔防護林,C,2026-09-12T07:43:33+00:00,公開地理資料的標籤點或代表點；不等於行政區幾何中心、茶區邊界或單一茶園位置。
PEV-SITE-914809428FA697E8,PLC-000032,parent_place_id,"""PLC-000002""",SRC-000014,UNESCO World Heritage Centre,https://whc.unesco.org/en/list/1665/documents/,,,UNESCO 提名文件,A,2026-09-12T07:43:33+00:00,策展來源支持名稱、地理層級或包含關係；欄位採知識庫受控值，並不構成產品產地證明。
PEV-SITE-460ADFB353B7DB0B,PLC-000032,precision,"""OSM 已命名遺產構成要素 relation 代表點；實際範圍以 UNESCO 提名圖為準""",SRC-000013,OpenStreetMap Nominatim,https://www.openstreetmap.org/relation/16367883,,,OSM relation 16367883；PF-03 景邁—芒景分隔防護林,C,2026-09-12T07:43:33+00:00,公開地理資料的標籤點或代表點；不等於行政區幾何中心、茶區邊界或單一茶園位置。
PEV-SITE-0809EF920DC11FD8,PLC-000032,standard_name,"""景邁—芒景分隔防護林""",SRC-000014,UNESCO World Heritage Centre,https://whc.unesco.org/en/list/1665/documents/,,,UNESCO 提名文件,A,2026-09-12T07:43:33+00:00,策展來源支持名稱、地理層級或包含關係；欄位採知識庫受控值，並不構成產品產地證明。
PEV-SITE-6A8EA49896841066,PLC-000033,admin_level,"""地級市""",SRC-000008,Chinese government public information,https://lincang.gov.cn/artview/11/228949.html,,,臨滄市茶旅融合布局,A,2026-09-12T07:43:33+00:00,策展來源支持名稱、地理層級或包含關係；欄位採知識庫受控值，並不構成產品產地證明。
PEV-SITE-29CA190BDD379DFD,PLC-000033,latitude,23.88848,SRC-000013,OpenStreetMap Nominatim,https://www.openstreetmap.org/relation/2725393,,,OSM relation 2725393；臨滄市,C,2026-09-12T07:43:33+00:00,公開地理資料的標籤點或代表點；不等於行政區幾何中心、茶區邊界或單一茶園位置。
PEV-SITE-44A89596055D079E,PLC-000033,longitude,100.0879344,SRC-000013,OpenStreetMap Nominatim,https://www.openstreetmap.org/relation/2725393,,,OSM relation 2725393；臨滄市,C,2026-09-12T07:43:33+00:00,公開地理資料的標籤點或代表點；不等於行政區幾何中心、茶區邊界或單一茶園位置。
PEV-SITE-1A1920D14FB62AF9,PLC-000033,parent_place_id,"""PLC-000003""",SRC-000008,Chinese government public information,https://lincang.gov.cn/artview/11/228949.html,,,臨滄市茶旅融合布局,A,2026-09-12T07:43:33+00:00,策展來源支持名稱、地理層級或包含關係；欄位採知識庫受控值，並不構成產品產地證明。
PEV-SITE-31E294A7B45AEAC6,PLC-000033,precision,"""OSM 行政區 relation 標籤點；非市域幾何中心或茶園位置""",SRC-000013,OpenStreetMap Nominatim,https://www.openstreetmap.org/relation/2725393,,,OSM relation 2725393；臨滄市,C,2026-09-12T07:43:33+00:00,公開地理資料的標籤點或代表點；不等於行政區幾何中心、茶區邊界或單一茶園位置。
PEV-SITE-65DB3C2022EE26B5,PLC-000033,standard_name,"""臨滄市""",SRC-000008,Chinese government public information,https://lincang.gov.cn/artview/11/228949.html,,,臨滄市茶旅融合布局,A,2026-09-12T07:43:33+00:00,策展來源支持名稱、地理層級或包含關係；欄位採知識庫受控值，並不構成產品產地證明。
PEV-SITE-E66B5A2C63B69D9B,PLC-000034,admin_level,"""自治縣""",SRC-000008,Chinese government public information,https://lcj.yn.gov.cn/html/2023/jianyitianbanli_0525/68936.html,,,雲南省林草局古茶走廊資料,A,2026-09-12T07:43:33+00:00,策展來源支持名稱、地理層級或包含關係；欄位採知識庫受控值，並不構成產品產地證明。
PEV-SITE-A388735BA24DDDF7,PLC-000034,latitude,23.4785482,SRC-000013,OpenStreetMap Nominatim,https://www.openstreetmap.org/relation/2726021,,,OSM relation 2726021；雙江拉祜族佤族布朗族傣族自治縣,C,2026-09-12T07:43:33+00:00,公開地理資料的標籤點或代表點；不等於行政區幾何中心、茶區邊界或單一茶園位置。
PEV-SITE-BEB5E606507CE9A9,PLC-000034,longitude,99.8973504,SRC-000013,OpenStreetMap Nominatim,https://www.openstreetmap.org/relation/2726021,,,OSM relation 2726021；雙江拉祜族佤族布朗族傣族自治縣,C,2026-09-12T07:43:33+00:00,公開地理資料的標籤點或代表點；不等於行政區幾何中心、茶區邊界或單一茶園位置。
PEV-SITE-E9726FE0262022DC,PLC-000034,parent_place_id,"""PLC-000033""",SRC-000008,Chinese government public information,https://lcj.yn.gov.cn/html/2023/jianyitianbanli_0525/68936.html,,,雲南省林草局古茶走廊資料,A,2026-09-12T07:43:33+00:00,策展來源支持名稱、地理層級或包含關係；欄位採知識庫受控值，並不構成產品產地證明。
PEV-SITE-C814152F0763DC81,PLC-000034,precision,"""OSM 行政區 relation 標籤點；非縣域幾何中心或茶園位置""",SRC-000013,OpenStreetMap Nominatim,https://www.openstreetmap.org/relation/2726021,,,OSM relation 2726021；雙江拉祜族佤族布朗族傣族自治縣,C,2026-09-12T07:43:33+00:00,公開地理資料的標籤點或代表點；不等於行政區幾何中心、茶區邊界或單一茶園位置。
PEV-SITE-1163B6EB6B5A5D8F,PLC-000034,standard_name,"""雙江拉祜族佤族布朗族傣族自治縣""",SRC-000008,Chinese government public information,https://lcj.yn.gov.cn/html/2023/jianyitianbanli_0525/68936.html,,,雲南省林草局古茶走廊資料,A,2026-09-12T07:43:33+00:00,策展來源支持名稱、地理層級或包含關係；欄位採知識庫受控值，並不構成產品產地證明。
PEV-SITE-732D27394F37412D,PLC-000035,admin_level,"""鎮""",SRC-000008,Chinese government public information,https://lincang.gov.cn/zfxxgk_lcs_gaj/artview/933/280658.html?chapter=null&ml=null&year=null,,,臨滄市政府：勐庫鎮與古茶樹保護,A,2026-09-12T07:43:33+00:00,策展來源支持名稱、地理層級或包含關係；欄位採知識庫受控值，並不構成產品產地證明。
PEV-SITE-71691B8A4EF4FD1E,PLC-000035,latitude,23.6202,SRC-000013,OpenStreetMap Nominatim,https://www.openstreetmap.org/node/6863998931,,,OSM node 6863998931；勐庫鎮,C,2026-09-12T07:43:33+00:00,公開地理資料的標籤點或代表點；不等於行政區幾何中心、茶區邊界或單一茶園位置。
PEV-SITE-F6F902CE5D9B8AB4,PLC-000035,longitude,99.8815,SRC-000013,OpenStreetMap Nominatim,https://www.openstreetmap.org/node/6863998931,,,OSM node 6863998931；勐庫鎮,C,2026-09-12T07:43:33+00:00,公開地理資料的標籤點或代表點；不等於行政區幾何中心、茶區邊界或單一茶園位置。
PEV-SITE-209E34C75EE07D70,PLC-000035,parent_place_id,"""PLC-000034""",SRC-000008,Chinese government public information,https://lincang.gov.cn/zfxxgk_lcs_gaj/artview/933/280658.html?chapter=null&ml=null&year=null,,,臨滄市政府：勐庫鎮與古茶樹保護,A,2026-09-12T07:43:33+00:00,策展來源支持名稱、地理層級或包含關係；欄位採知識庫受控值，並不構成產品產地證明。
PEV-SITE-FEF800A2E1DD7A4B,PLC-000035,precision,"""OSM 公開鎮級標籤點；非鎮域邊界或茶園位置""",SRC-000013,OpenStreetMap Nominatim,https://www.openstreetmap.org/node/6863998931,,,OSM node 6863998931；勐庫鎮,C,2026-09-12T07:43:33+00:00,公開地理資料的標籤點或代表點；不等於行政區幾何中心、茶區邊界或單一茶園位置。
PEV-SITE-564B4D0101912D76,PLC-000035,standard_name,"""勐庫鎮""",SRC-000008,Chinese government public information,https://lincang.gov.cn/zfxxgk_lcs_gaj/artview/933/280658.html?chapter=null&ml=null&year=null,,,臨滄市政府：勐庫鎮與古茶樹保護,A,2026-09-12T07:43:33+00:00,策展來源支持名稱、地理層級或包含關係；欄位採知識庫受控值，並不構成產品產地證明。
PEV-SITE-D77EA2543D407491,PLC-000036,admin_level,"""行政村""",SRC-000008,Chinese government public information,https://lincang.gov.cn/artview/14/231054.html,,,臨滄市政府：冰島景區,A,2026-09-12T07:43:33+00:00,策展來源支持名稱、地理層級或包含關係；欄位採知識庫受控值，並不構成產品產地證明。
PEV-SITE-1CF4290BD84F3703,PLC-000036,parent_place_id,"""PLC-000035""",SRC-000008,Chinese government public information,https://lincang.gov.cn/artview/14/231054.html,,,臨滄市政府：冰島景區,A,2026-09-12T07:43:33+00:00,策展來源支持名稱、地理層級或包含關係；欄位採知識庫受控值，並不構成產品產地證明。
PEV-SITE-EF244CDD268903DA,PLC-000036,standard_name,"""冰島村""",SRC-000008,Chinese government public information,https://lincang.gov.cn/artview/14/231054.html,,,臨滄市政府：冰島景區,A,2026-09-12T07:43:33+00:00,策展來源支持名稱、地理層級或包含關係；欄位採知識庫受控值，並不構成產品產地證明。
PEV-SITE-B268ABD277CB159B,PLC-000037,admin_level,"""市轄區""",SRC-000008,Chinese government public information,https://lincang.gov.cn/artview/11/228949.html,,,臨滄市茶旅融合布局,A,2026-09-12T07:43:33+00:00,策展來源支持名稱、地理層級或包含關係；欄位採知識庫受控值，並不構成產品產地證明。
PEV-SITE-7AEC3257FB38D7E5,PLC-000037,latitude,23.8968236,SRC-000013,OpenStreetMap Nominatim,https://www.openstreetmap.org/relation/2726304,,,OSM relation 2726304；臨翔區,C,2026-09-12T07:43:33+00:00,公開地理資料的標籤點或代表點；不等於行政區幾何中心、茶區邊界或單一茶園位置。
PEV-SITE-00053A10E8407242,PLC-000037,longitude,100.0819288,SRC-000013,OpenStreetMap Nominatim,https://www.openstreetmap.org/relation/2726304,,,OSM relation 2726304；臨翔區,C,2026-09-12T07:43:33+00:00,公開地理資料的標籤點或代表點；不等於行政區幾何中心、茶區邊界或單一茶園位置。
PEV-SITE-9B1ECB2E7FA400E7,PLC-000037,parent_place_id,"""PLC-000033""",SRC-000008,Chinese government public information,https://lincang.gov.cn/artview/11/228949.html,,,臨滄市茶旅融合布局,A,2026-09-12T07:43:33+00:00,策展來源支持名稱、地理層級或包含關係；欄位採知識庫受控值，並不構成產品產地證明。
PEV-SITE-C2FF8C34C11170F9,PLC-000037,precision,"""OSM 行政區 relation 標籤點；非區域幾何中心或茶園位置""",SRC-000013,OpenStreetMap Nominatim,https://www.openstreetmap.org/relation/2726304,,,OSM relation 2726304；臨翔區,C,2026-09-12T07:43:33+00:00,公開地理資料的標籤點或代表點；不等於行政區幾何中心、茶區邊界或單一茶園位置。
PEV-SITE-DFC2ABF3447C36AC,PLC-000037,standard_name,"""臨翔區""",SRC-000008,Chinese government public information,https://lincang.gov.cn/artview/11/228949.html,,,臨滄市茶旅融合布局,A,2026-09-12T07:43:33+00:00,策展來源支持名稱、地理層級或包含關係；欄位採知識庫受控值，並不構成產品產地證明。
PEV-SITE-3193B7D88BAFACFB,PLC-000038,admin_level,"""鄉""",SRC-000008,Chinese government public information,https://lincang.gov.cn/zfxxgk_lcs_zfcxjsj/artview/933/283393.html,,,臨滄市茶村規劃資料,A,2026-09-12T07:43:33+00:00,策展來源支持名稱、地理層級或包含關係；欄位採知識庫受控值，並不構成產品產地證明。
PEV-SITE-1936F07F29702332,PLC-000038,latitude,23.9230864,SRC-000013,OpenStreetMap Nominatim,https://www.openstreetmap.org/node/4676804200,,,OSM node 4676804200；邦東鄉,C,2026-09-12T07:43:33+00:00,公開地理資料的標籤點或代表點；不等於行政區幾何中心、茶區邊界或單一茶園位置。
PEV-SITE-C6125C7E71B62A22,PLC-000038,longitude,100.3463938,SRC-000013,OpenStreetMap Nominatim,https://www.openstreetmap.org/node/4676804200,,,OSM node 4676804200；邦東鄉,C,2026-09-12T07:43:33+00:00,公開地理資料的標籤點或代表點；不等於行政區幾何中心、茶區邊界或單一茶園位置。
PEV-SITE-AA366824DC137E3F,PLC-000038,parent_place_id,"""PLC-000037""",SRC-000008,Chinese government public information,https://lincang.gov.cn/zfxxgk_lcs_zfcxjsj/artview/933/283393.html,,,臨滄市茶村規劃資料,A,2026-09-12T07:43:33+00:00,策展來源支持名稱、地理層級或包含關係；欄位採知識庫受控值，並不構成產品產地證明。
PEV-SITE-3CF844593E7B2F2C,PLC-000038,precision,"""OSM 公開鄉級標籤點；非鄉域邊界或茶園位置""",SRC-000013,OpenStreetMap Nominatim,https://www.openstreetmap.org/node/4676804200,,,OSM node 4676804200；邦東鄉,C,2026-09-12T07:43:33+00:00,公開地理資料的標籤點或代表點；不等於行政區幾何中心、茶區邊界或單一茶園位置。
PEV-SITE-B8D0BD9231A33348,PLC-000038,standard_name,"""邦東鄉""",SRC-000008,Chinese government public information,https://lincang.gov.cn/zfxxgk_lcs_zfcxjsj/artview/933/283393.html,,,臨滄市茶村規劃資料,A,2026-09-12T07:43:33+00:00,策展來源支持名稱、地理層級或包含關係；欄位採知識庫受控值，並不構成產品產地證明。
PEV-SITE-C4C9A1BCB5D9DE5D,PLC-000039,admin_level,"""村寨""",SRC-000008,Chinese government public information,https://lincang.gov.cn/artview/11/228949.html,,,臨滄市茶旅融合布局,A,2026-09-12T07:43:33+00:00,策展來源支持名稱、地理層級或包含關係；欄位採知識庫受控值，並不構成產品產地證明。
PEV-SITE-F7FD3359958AF02B,PLC-000039,parent_place_id,"""PLC-000038""",SRC-000008,Chinese government public information,https://lincang.gov.cn/artview/11/228949.html,,,臨滄市茶旅融合布局,A,2026-09-12T07:43:33+00:00,策展來源支持名稱、地理層級或包含關係；欄位採知識庫受控值，並不構成產品產地證明。
PEV-SITE-ED8E2C5C85122CC7,PLC-000039,standard_name,"""昔歸村""",SRC-000008,Chinese government public information,https://lincang.gov.cn/artview/11/228949.html,,,臨滄市茶旅融合布局,A,2026-09-12T07:43:33+00:00,策展來源支持名稱、地理層級或包含關係；欄位採知識庫受控值，並不構成產品產地證明。
PEV-SITE-3A19B20F5BD688AD,PLC-000040,admin_level,"""縣""",SRC-000008,Chinese government public information,https://lcj.yn.gov.cn/html/2023/jianyitianbanli_0525/68936.html,,,雲南省林草局答覆,A,2026-09-12T07:43:33+00:00,策展來源支持名稱、地理層級或包含關係；欄位採知識庫受控值，並不構成產品產地證明。
PEV-SITE-F1C893BBA727CA49,PLC-000040,latitude,24.3526033,SRC-000013,OpenStreetMap Nominatim,https://www.openstreetmap.org/relation/2726023,,,OSM relation 2726023；雲縣,C,2026-09-12T07:43:33+00:00,公開地理資料的標籤點或代表點；不等於行政區幾何中心、茶區邊界或單一茶園位置。
PEV-SITE-7A4233EE10242AE6,PLC-000040,longitude,100.2996622,SRC-000013,OpenStreetMap Nominatim,https://www.openstreetmap.org/relation/2726023,,,OSM relation 2726023；雲縣,C,2026-09-12T07:43:33+00:00,公開地理資料的標籤點或代表點；不等於行政區幾何中心、茶區邊界或單一茶園位置。
PEV-SITE-783406433ACB98B2,PLC-000040,parent_place_id,"""PLC-000033""",SRC-000008,Chinese government public information,https://lcj.yn.gov.cn/html/2023/jianyitianbanli_0525/68936.html,,,雲南省林草局答覆,A,2026-09-12T07:43:33+00:00,策展來源支持名稱、地理層級或包含關係；欄位採知識庫受控值，並不構成產品產地證明。
PEV-SITE-730F6FC812BB5532,PLC-000040,precision,"""OSM 行政區 relation 標籤點；非縣域幾何中心或茶園位置""",SRC-000013,OpenStreetMap Nominatim,https://www.openstreetmap.org/relation/2726023,,,OSM relation 2726023；雲縣,C,2026-09-12T07:43:33+00:00,公開地理資料的標籤點或代表點；不等於行政區幾何中心、茶區邊界或單一茶園位置。
PEV-SITE-509FFBADF6A9E1F6,PLC-000040,standard_name,"""雲縣""",SRC-000008,Chinese government public information,https://lcj.yn.gov.cn/html/2023/jianyitianbanli_0525/68936.html,,,雲南省林草局答覆,A,2026-09-12T07:43:33+00:00,策展來源支持名稱、地理層級或包含關係；欄位採知識庫受控值，並不構成產品產地證明。
PEV-SITE-92102F6210CD2059,PLC-000041,admin_level,"""山地古茶園區""",SRC-000008,Chinese government public information,https://lcj.yn.gov.cn/html/2023/jianyitianbanli_0525/68936.html,,,雲南省林草局：白鶯山古茶園保護答覆,A,2026-09-12T07:43:33+00:00,策展來源支持名稱、地理層級或包含關係；欄位採知識庫受控值，並不構成產品產地證明。
PEV-SITE-B4ED5C92E32B9DFD,PLC-000041,parent_place_id,"""PLC-000040""",SRC-000008,Chinese government public information,https://lcj.yn.gov.cn/html/2023/jianyitianbanli_0525/68936.html,,,雲南省林草局：白鶯山古茶園保護答覆,A,2026-09-12T07:43:33+00:00,策展來源支持名稱、地理層級或包含關係；欄位採知識庫受控值，並不構成產品產地證明。
PEV-SITE-6E0522FBDF87F665,PLC-000041,standard_name,"""白鶯山""",SRC-000008,Chinese government public information,https://lcj.yn.gov.cn/html/2023/jianyitianbanli_0525/68936.html,,,雲南省林草局：白鶯山古茶園保護答覆,A,2026-09-12T07:43:33+00:00,策展來源支持名稱、地理層級或包含關係；欄位採知識庫受控值，並不構成產品產地證明。
PEV-SITE-EB4CF8D579347B51,PLC-000042,admin_level,"""縣""",SRC-000008,Chinese government public information,https://nync.yn.gov.cn/html/2021/guihuaxinxi_1112/381334.html,,,雲南省茶產業布局,A,2026-09-12T07:43:33+00:00,策展來源支持名稱、地理層級或包含關係；欄位採知識庫受控值，並不構成產品產地證明。
PEV-SITE-8EF98CCF947C067E,PLC-000042,latitude,24.5972728,SRC-000013,OpenStreetMap Nominatim,https://www.openstreetmap.org/relation/2726017,,,OSM relation 2726017；鳳慶縣,C,2026-09-12T07:43:33+00:00,公開地理資料的標籤點或代表點；不等於行政區幾何中心、茶區邊界或單一茶園位置。
PEV-SITE-9E7195579DAB315C,PLC-000042,longitude,99.9085952,SRC-000013,OpenStreetMap Nominatim,https://www.openstreetmap.org/relation/2726017,,,OSM relation 2726017；鳳慶縣,C,2026-09-12T07:43:33+00:00,公開地理資料的標籤點或代表點；不等於行政區幾何中心、茶區邊界或單一茶園位置。
PEV-SITE-F4E71BA8A12DD381,PLC-000042,parent_place_id,"""PLC-000033""",SRC-000008,Chinese government public information,https://nync.yn.gov.cn/html/2021/guihuaxinxi_1112/381334.html,,,雲南省茶產業布局,A,2026-09-12T07:43:33+00:00,策展來源支持名稱、地理層級或包含關係；欄位採知識庫受控值，並不構成產品產地證明。
PEV-SITE-02E309275EC5125A,PLC-000042,precision,"""OSM 行政區 relation 標籤點；非縣域幾何中心或茶園位置""",SRC-000013,OpenStreetMap Nominatim,https://www.openstreetmap.org/relation/2726017,,,OSM relation 2726017；鳳慶縣,C,2026-09-12T07:43:33+00:00,公開地理資料的標籤點或代表點；不等於行政區幾何中心、茶區邊界或單一茶園位置。
PEV-SITE-A82072B86D0A391C,PLC-000042,standard_name,"""鳳慶縣""",SRC-000008,Chinese government public information,https://nync.yn.gov.cn/html/2021/guihuaxinxi_1112/381334.html,,,雲南省茶產業布局,A,2026-09-12T07:43:33+00:00,策展來源支持名稱、地理層級或包含關係；欄位採知識庫受控值，並不構成產品產地證明。
PEV-SITE-02275E3A8407F9D7,PLC-000043,admin_level,"""縣""",SRC-000008,Chinese government public information,https://nync.yn.gov.cn/html/2021/guihuaxinxi_1112/381334.html,,,雲南省茶產業十四五規劃,A,2026-09-12T07:43:33+00:00,策展來源支持名稱、地理層級或包含關係；欄位採知識庫受控值，並不構成產品產地證明。
PEV-SITE-F17D71E4F6C9AFED,PLC-000043,latitude,24.07721,SRC-000013,OpenStreetMap Nominatim,https://www.openstreetmap.org/relation/2726022,,,OSM relation 2726022；永德縣,C,2026-09-12T07:43:33+00:00,公開地理資料的標籤點或代表點；不等於行政區幾何中心、茶區邊界或單一茶園位置。
PEV-SITE-0D05D79B961FBE8B,PLC-000043,longitude,99.4224286,SRC-000013,OpenStreetMap Nominatim,https://www.openstreetmap.org/relation/2726022,,,OSM relation 2726022；永德縣,C,2026-09-12T07:43:33+00:00,公開地理資料的標籤點或代表點；不等於行政區幾何中心、茶區邊界或單一茶園位置。
PEV-SITE-1119049434126600,PLC-000043,parent_place_id,"""PLC-000033""",SRC-000008,Chinese government public information,https://nync.yn.gov.cn/html/2021/guihuaxinxi_1112/381334.html,,,雲南省茶產業十四五規劃,A,2026-09-12T07:43:33+00:00,策展來源支持名稱、地理層級或包含關係；欄位採知識庫受控值，並不構成產品產地證明。
PEV-SITE-37075170330E9300,PLC-000043,precision,"""OSM 行政區 relation 標籤點；非縣域幾何中心或茶園位置""",SRC-000013,OpenStreetMap Nominatim,https://www.openstreetmap.org/relation/2726022,,,OSM relation 2726022；永德縣,C,2026-09-12T07:43:33+00:00,公開地理資料的標籤點或代表點；不等於行政區幾何中心、茶區邊界或單一茶園位置。
PEV-SITE-E5636022F79D6294,PLC-000043,standard_name,"""永德縣""",SRC-000008,Chinese government public information,https://nync.yn.gov.cn/html/2021/guihuaxinxi_1112/381334.html,,,雲南省茶產業十四五規劃,A,2026-09-12T07:43:33+00:00,策展來源支持名稱、地理層級或包含關係；欄位採知識庫受控值，並不構成產品產地證明。
PEV-SITE-496A6388A3F59704,PLC-000044,admin_level,"""縣""",SRC-000008,Chinese government public information,https://nync.yn.gov.cn/html/2021/guihuaxinxi_1112/381334.html,,,雲南省茶產業布局,A,2026-09-12T07:43:33+00:00,策展來源支持名稱、地理層級或包含關係；欄位採知識庫受控值，並不構成產品產地證明。
PEV-SITE-57636A077FEF5E94,PLC-000044,latitude,21.9598828,SRC-000013,OpenStreetMap Nominatim,https://www.openstreetmap.org/relation/2715427,,,OSM relation 2715427；勐海縣,C,2026-09-12T07:43:33+00:00,公開地理資料的標籤點或代表點；不等於行政區幾何中心、茶區邊界或單一茶園位置。
PEV-SITE-53B2C7FE5E93F646,PLC-000044,longitude,100.4511886,SRC-000013,OpenStreetMap Nominatim,https://www.openstreetmap.org/relation/2715427,,,OSM relation 2715427；勐海縣,C,2026-09-12T07:43:33+00:00,公開地理資料的標籤點或代表點；不等於行政區幾何中心、茶區邊界或單一茶園位置。
PEV-SITE-B9DA72B7ECCB825D,PLC-000044,parent_place_id,"""PLC-000004""",SRC-000008,Chinese government public information,https://nync.yn.gov.cn/html/2021/guihuaxinxi_1112/381334.html,,,雲南省茶產業布局,A,2026-09-12T07:43:33+00:00,策展來源支持名稱、地理層級或包含關係；欄位採知識庫受控值，並不構成產品產地證明。
PEV-SITE-1494F0B1CD6AC730,PLC-000044,precision,"""OSM 行政區 relation 標籤點；非縣域幾何中心或茶園位置""",SRC-000013,OpenStreetMap Nominatim,https://www.openstreetmap.org/relation/2715427,,,OSM relation 2715427；勐海縣,C,2026-09-12T07:43:33+00:00,公開地理資料的標籤點或代表點；不等於行政區幾何中心、茶區邊界或單一茶園位置。
PEV-SITE-DC7C62E5C94708B5,PLC-000044,standard_name,"""勐海縣""",SRC-000008,Chinese government public information,https://nync.yn.gov.cn/html/2021/guihuaxinxi_1112/381334.html,,,雲南省茶產業布局,A,2026-09-12T07:43:33+00:00,策展來源支持名稱、地理層級或包含關係；欄位採知識庫受控值，並不構成產品產地證明。
PEV-SITE-7B35CE65E21E012A,PLC-000045,admin_level,"""縣""",SRC-000008,Chinese government public information,https://ynmz.yn.gov.cn/index.php/cms/dimingfengcai/10083.html,,,雲南省民政廳：易武地名文化,A,2026-09-12T07:43:33+00:00,策展來源支持名稱、地理層級或包含關係；欄位採知識庫受控值，並不構成產品產地證明。
PEV-SITE-16D201411C96EC59,PLC-000045,latitude,21.6551382,SRC-000013,OpenStreetMap Nominatim,https://www.openstreetmap.org/relation/2715428,,,OSM relation 2715428；勐臘縣,C,2026-09-12T07:43:33+00:00,公開地理資料的標籤點或代表點；不等於行政區幾何中心、茶區邊界或單一茶園位置。
PEV-SITE-54F0930C47F088D2,PLC-000045,longitude,101.4786177,SRC-000013,OpenStreetMap Nominatim,https://www.openstreetmap.org/relation/2715428,,,OSM relation 2715428；勐臘縣,C,2026-09-12T07:43:33+00:00,公開地理資料的標籤點或代表點；不等於行政區幾何中心、茶區邊界或單一茶園位置。
PEV-SITE-D069F91EC4A2B666,PLC-000045,parent_place_id,"""PLC-000004""",SRC-000008,Chinese government public information,https://ynmz.yn.gov.cn/index.php/cms/dimingfengcai/10083.html,,,雲南省民政廳：易武地名文化,A,2026-09-12T07:43:33+00:00,策展來源支持名稱、地理層級或包含關係；欄位採知識庫受控值，並不構成產品產地證明。
PEV-SITE-3A03E113B8B88F78,PLC-000045,precision,"""OSM 行政區 relation 標籤點；非縣域幾何中心或茶園位置""",SRC-000013,OpenStreetMap Nominatim,https://www.openstreetmap.org/relation/2715428,,,OSM relation 2715428；勐臘縣,C,2026-09-12T07:43:33+00:00,公開地理資料的標籤點或代表點；不等於行政區幾何中心、茶區邊界或單一茶園位置。
PEV-SITE-B4D34ACA024C5CAB,PLC-000045,standard_name,"""勐臘縣""",SRC-000008,Chinese government public information,https://ynmz.yn.gov.cn/index.php/cms/dimingfengcai/10083.html,,,雲南省民政廳：易武地名文化,A,2026-09-12T07:43:33+00:00,策展來源支持名稱、地理層級或包含關係；欄位採知識庫受控值，並不構成產品產地證明。
PEV-SITE-CBB3088F19EAB833,PLC-000046,admin_level,"""鎮""",SRC-000008,Chinese government public information,https://ynmz.yn.gov.cn/index.php/cms/dimingfengcai/10083.html,,,雲南省民政廳：易武,A,2026-09-12T07:43:33+00:00,策展來源支持名稱、地理層級或包含關係；欄位採知識庫受控值，並不構成產品產地證明。
PEV-SITE-A5AA32C0801FF694,PLC-000046,latitude,21.9811738,SRC-000013,OpenStreetMap Nominatim,https://www.openstreetmap.org/node/1203858699,,,OSM node 1203858699；易武鎮,C,2026-09-12T07:43:33+00:00,公開地理資料的標籤點或代表點；不等於行政區幾何中心、茶區邊界或單一茶園位置。
PEV-SITE-7CBE8F0BE85C7300,PLC-000046,longitude,101.4693972,SRC-000013,OpenStreetMap Nominatim,https://www.openstreetmap.org/node/1203858699,,,OSM node 1203858699；易武鎮,C,2026-09-12T07:43:33+00:00,公開地理資料的標籤點或代表點；不等於行政區幾何中心、茶區邊界或單一茶園位置。
PEV-SITE-AA8CB1E258BDD009,PLC-000046,parent_place_id,"""PLC-000045""",SRC-000008,Chinese government public information,https://ynmz.yn.gov.cn/index.php/cms/dimingfengcai/10083.html,,,雲南省民政廳：易武,A,2026-09-12T07:43:33+00:00,策展來源支持名稱、地理層級或包含關係；欄位採知識庫受控值，並不構成產品產地證明。
PEV-SITE-0A7742E732FCC4D7,PLC-000046,precision,"""OSM 公開鎮級標籤點；非鎮域或茶區邊界""",SRC-000013,OpenStreetMap Nominatim,https://www.openstreetmap.org/node/1203858699,,,OSM node 1203858699；易武鎮,C,2026-09-12T07:43:33+00:00,公開地理資料的標籤點或代表點；不等於行政區幾何中心、茶區邊界或單一茶園位置。
PEV-SITE-43D67A21231FC078,PLC-000046,standard_name,"""易武鎮""",SRC-000008,Chinese government public information,https://ynmz.yn.gov.cn/index.php/cms/dimingfengcai/10083.html,,,雲南省民政廳：易武,A,2026-09-12T07:43:33+00:00,策展來源支持名稱、地理層級或包含關係；欄位採知識庫受控值，並不構成產品產地證明。
PEV-SITE-FA60AAFB5459183D,PLC-000047,admin_level,"""歷史／產業茶區""",SRC-000008,Chinese government public information,https://ynmz.yn.gov.cn/index.php/cms/dimingfengcai/10083.html,,,雲南省民政廳：易武地名文化,A,2026-09-12T07:43:33+00:00,策展來源支持名稱、地理層級或包含關係；欄位採知識庫受控值，並不構成產品產地證明。
PEV-SITE-2A2F62E0127B1210,PLC-000047,parent_place_id,"""PLC-000046""",SRC-000008,Chinese government public information,https://ynmz.yn.gov.cn/index.php/cms/dimingfengcai/10083.html,,,雲南省民政廳：易武地名文化,A,2026-09-12T07:43:33+00:00,策展來源支持名稱、地理層級或包含關係；欄位採知識庫受控值，並不構成產品產地證明。
PEV-SITE-FDAB1E11AA7F54B5,PLC-000047,standard_name,"""易武茶區""",SRC-000008,Chinese government public information,https://ynmz.yn.gov.cn/index.php/cms/dimingfengcai/10083.html,,,雲南省民政廳：易武地名文化,A,2026-09-12T07:43:33+00:00,策展來源支持名稱、地理層級或包含關係；欄位採知識庫受控值，並不構成產品產地證明。
PEV-SITE-DBACFB72D29CE376,PLC-000048,admin_level,"""民族鄉""",SRC-000008,Chinese government public information,https://dnr.yn.gov.cn/uploadfile/s58/2024/1107/20241107030635303.pdf,,,雲南省縣域村莊布局專項規劃,A,2026-09-12T07:43:33+00:00,策展來源支持名稱、地理層級或包含關係；欄位採知識庫受控值，並不構成產品產地證明。
PEV-SITE-143B9809D3C2C161,PLC-000048,latitude,22.128449,SRC-000013,OpenStreetMap Nominatim,https://www.openstreetmap.org/relation/10192446,,,OSM relation 10192446；象明彝族鄉,C,2026-09-12T07:43:33+00:00,公開地理資料的標籤點或代表點；不等於行政區幾何中心、茶區邊界或單一茶園位置。
PEV-SITE-3150E245C2C16DAB,PLC-000048,longitude,101.3095341,SRC-000013,OpenStreetMap Nominatim,https://www.openstreetmap.org/relation/10192446,,,OSM relation 10192446；象明彝族鄉,C,2026-09-12T07:43:33+00:00,公開地理資料的標籤點或代表點；不等於行政區幾何中心、茶區邊界或單一茶園位置。
PEV-SITE-3C08EE133FC36D7D,PLC-000048,parent_place_id,"""PLC-000045""",SRC-000008,Chinese government public information,https://dnr.yn.gov.cn/uploadfile/s58/2024/1107/20241107030635303.pdf,,,雲南省縣域村莊布局專項規劃,A,2026-09-12T07:43:33+00:00,策展來源支持名稱、地理層級或包含關係；欄位採知識庫受控值，並不構成產品產地證明。
PEV-SITE-44A02118EE2D5CF3,PLC-000048,precision,"""OSM 行政區 relation 標籤點；非鄉域或茶區邊界""",SRC-000013,OpenStreetMap Nominatim,https://www.openstreetmap.org/relation/10192446,,,OSM relation 10192446；象明彝族鄉,C,2026-09-12T07:43:33+00:00,公開地理資料的標籤點或代表點；不等於行政區幾何中心、茶區邊界或單一茶園位置。
PEV-SITE-229EB0D8BFA3BBB7,PLC-000048,standard_name,"""象明彝族鄉""",SRC-000008,Chinese government public information,https://dnr.yn.gov.cn/uploadfile/s58/2024/1107/20241107030635303.pdf,,,雲南省縣域村莊布局專項規劃,A,2026-09-12T07:43:33+00:00,策展來源支持名稱、地理層級或包含關係；欄位採知識庫受控值，並不構成產品產地證明。
PEV-SITE-F4A740D76777FECD,PLC-000049,admin_level,"""歷史茶山／村寨地域""",SRC-000009,Wikisource Chinese,https://zh.wikisource.org/zh-hant/%E6%9C%AC%E8%8D%89%E7%B6%B1%E7%9B%AE%E6%8B%BE%E9%81%BA,,,《本草綱目拾遺》普洱茶條,A,2026-09-12T07:43:33+00:00,策展來源支持名稱、地理層級或包含關係；欄位採知識庫受控值，並不構成產品產地證明。
PEV-SITE-C51676435DED1249,PLC-000049,latitude,22.2098862,SRC-000013,OpenStreetMap Nominatim,https://www.openstreetmap.org/node/7229566783,,,OSM node 7229566783；倚邦村,C,2026-09-12T07:43:33+00:00,公開地理資料的標籤點或代表點；不等於行政區幾何中心、茶區邊界或單一茶園位置。
PEV-SITE-E9DB51BB1439E96B,PLC-000049,longitude,101.3239115,SRC-000013,OpenStreetMap Nominatim,https://www.openstreetmap.org/node/7229566783,,,OSM node 7229566783；倚邦村,C,2026-09-12T07:43:33+00:00,公開地理資料的標籤點或代表點；不等於行政區幾何中心、茶區邊界或單一茶園位置。
PEV-SITE-F112190EE3F21C2D,PLC-000049,parent_place_id,"""PLC-000048""",SRC-000009,Wikisource Chinese,https://zh.wikisource.org/zh-hant/%E6%9C%AC%E8%8D%89%E7%B6%B1%E7%9B%AE%E6%8B%BE%E9%81%BA,,,《本草綱目拾遺》普洱茶條,A,2026-09-12T07:43:33+00:00,策展來源支持名稱、地理層級或包含關係；欄位採知識庫受控值，並不構成產品產地證明。
PEV-SITE-00509EE153205910,PLC-000049,precision,"""OSM 倚邦村公開標籤點；作歷史茶山地域參考，不代表茶山邊界""",SRC-000013,OpenStreetMap Nominatim,https://www.openstreetmap.org/node/7229566783,,,OSM node 7229566783；倚邦村,C,2026-09-12T07:43:33+00:00,公開地理資料的標籤點或代表點；不等於行政區幾何中心、茶區邊界或單一茶園位置。
PEV-SITE-EB19AF77BDE4282B,PLC-000049,standard_name,"""倚邦茶山""",SRC-000009,Wikisource Chinese,https://zh.wikisource.org/zh-hant/%E6%9C%AC%E8%8D%89%E7%B6%B1%E7%9B%AE%E6%8B%BE%E9%81%BA,,,《本草綱目拾遺》普洱茶條,A,2026-09-12T07:43:33+00:00,策展來源支持名稱、地理層級或包含關係；欄位採知識庫受控值，並不構成產品產地證明。
PEV-SITE-50CEEB3FE7B37A91,PLC-000050,admin_level,"""縣級市""",SRC-000008,Chinese government public information,https://nync.yn.gov.cn/html/2021/guihuaxinxi_1112/381334.html,,,雲南省茶產業布局,A,2026-09-12T07:43:33+00:00,策展來源支持名稱、地理層級或包含關係；欄位採知識庫受控值，並不構成產品產地證明。
PEV-SITE-37D2E787BF613DFA,PLC-000050,latitude,22.0147814,SRC-000013,OpenStreetMap Nominatim,https://www.openstreetmap.org/relation/5339226,,,OSM relation 5339226；景洪市,C,2026-09-12T07:43:33+00:00,公開地理資料的標籤點或代表點；不等於行政區幾何中心、茶區邊界或單一茶園位置。
PEV-SITE-2C6B4E1A54E50441,PLC-000050,longitude,100.7983916,SRC-000013,OpenStreetMap Nominatim,https://www.openstreetmap.org/relation/5339226,,,OSM relation 5339226；景洪市,C,2026-09-12T07:43:33+00:00,公開地理資料的標籤點或代表點；不等於行政區幾何中心、茶區邊界或單一茶園位置。
PEV-SITE-1C86D8494811B53B,PLC-000050,parent_place_id,"""PLC-000004""",SRC-000008,Chinese government public information,https://nync.yn.gov.cn/html/2021/guihuaxinxi_1112/381334.html,,,雲南省茶產業布局,A,2026-09-12T07:43:33+00:00,策展來源支持名稱、地理層級或包含關係；欄位採知識庫受控值，並不構成產品產地證明。
PEV-SITE-6E5DFF439F804209,PLC-000050,precision,"""OSM 行政區 relation 標籤點；非市域幾何中心或茶園位置""",SRC-000013,OpenStreetMap Nominatim,https://www.openstreetmap.org/relation/5339226,,,OSM relation 5339226；景洪市,C,2026-09-12T07:43:33+00:00,公開地理資料的標籤點或代表點；不等於行政區幾何中心、茶區邊界或單一茶園位置。
PEV-SITE-5159081F01E9290B,PLC-000050,standard_name,"""景洪市""",SRC-000008,Chinese government public information,https://nync.yn.gov.cn/html/2021/guihuaxinxi_1112/381334.html,,,雲南省茶產業布局,A,2026-09-12T07:43:33+00:00,策展來源支持名稱、地理層級或包含關係；欄位採知識庫受控值，並不構成產品產地證明。
PEV-SITE-41590B95F48B7BDC,PLC-000051,admin_level,"""民族鄉／歷史茶山語境""",SRC-000009,Wikisource Chinese,https://zh.wikisource.org/zh-hant/%E6%9C%AC%E8%8D%89%E7%B6%B1%E7%9B%AE%E6%8B%BE%E9%81%BA,,,《本草綱目拾遺》普洱茶條,A,2026-09-12T07:43:33+00:00,策展來源支持名稱、地理層級或包含關係；欄位採知識庫受控值，並不構成產品產地證明。
PEV-SITE-397B46778F9CC054,PLC-000051,latitude,22.0390346,SRC-000013,OpenStreetMap Nominatim,https://www.openstreetmap.org/relation/18629035,,,OSM relation 18629035；基諾山基諾族鄉,C,2026-09-12T07:43:33+00:00,公開地理資料的標籤點或代表點；不等於行政區幾何中心、茶區邊界或單一茶園位置。
PEV-SITE-CCEBD22A049E90DA,PLC-000051,longitude,101.0039779,SRC-000013,OpenStreetMap Nominatim,https://www.openstreetmap.org/relation/18629035,,,OSM relation 18629035；基諾山基諾族鄉,C,2026-09-12T07:43:33+00:00,公開地理資料的標籤點或代表點；不等於行政區幾何中心、茶區邊界或單一茶園位置。
PEV-SITE-B59411CF3786AD90,PLC-000051,parent_place_id,"""PLC-000050""",SRC-000009,Wikisource Chinese,https://zh.wikisource.org/zh-hant/%E6%9C%AC%E8%8D%89%E7%B6%B1%E7%9B%AE%E6%8B%BE%E9%81%BA,,,《本草綱目拾遺》普洱茶條,A,2026-09-12T07:43:33+00:00,策展來源支持名稱、地理層級或包含關係；欄位採知識庫受控值，並不構成產品產地證明。
PEV-SITE-078528C76E470CD3,PLC-000051,precision,"""OSM 行政區 relation 標籤點；行政鄉與攸樂茶山歷史語境不可視作同一邊界""",SRC-000013,OpenStreetMap Nominatim,https://www.openstreetmap.org/relation/18629035,,,OSM relation 18629035；基諾山基諾族鄉,C,2026-09-12T07:43:33+00:00,公開地理資料的標籤點或代表點；不等於行政區幾何中心、茶區邊界或單一茶園位置。
PEV-SITE-1295A2BB64AAA6F5,PLC-000051,standard_name,"""基諾山基諾族鄉（攸樂茶山語境）""",SRC-000009,Wikisource Chinese,https://zh.wikisource.org/zh-hant/%E6%9C%AC%E8%8D%89%E7%B6%B1%E7%9B%AE%E6%8B%BE%E9%81%BA,,,《本草綱目拾遺》普洱茶條,A,2026-09-12T07:43:33+00:00,策展來源支持名稱、地理層級或包含關係；欄位採知識庫受控值，並不構成產品產地證明。
PEV-SITE-D916B49DA6154213,PLC-000052,admin_level,"""山地茶區""",SRC-000008,Chinese government public information,https://www.dhms.gov.cn/nyj/Web/_F0_0_5S5P97GF529CA4CE8871470487.htm,,,芒市農業主導品種指引：雲抗10號來源,A,2026-09-12T07:43:33+00:00,策展來源支持名稱、地理層級或包含關係；欄位採知識庫受控值，並不構成產品產地證明。
PEV-SITE-954B9295ED382329,PLC-000052,latitude,21.9368249,SRC-000015,Wikidata,https://www.wikidata.org/wiki/Q137566992,,,Wikidata Q137566992；Nannuo Mountain，located in Menghai County,C,2026-09-12T07:43:33+00:00,公開地理資料的標籤點或代表點；不等於行政區幾何中心、茶區邊界或單一茶園位置。
PEV-SITE-15329620C92AD63D,PLC-000052,longitude,100.6051658,SRC-000015,Wikidata,https://www.wikidata.org/wiki/Q137566992,,,Wikidata Q137566992；Nannuo Mountain，located in Menghai County,C,2026-09-12T07:43:33+00:00,公開地理資料的標籤點或代表點；不等於行政區幾何中心、茶區邊界或單一茶園位置。
PEV-SITE-C2F771B30AE9ACA5,PLC-000052,parent_place_id,"""PLC-000044""",SRC-000008,Chinese government public information,https://www.dhms.gov.cn/nyj/Web/_F0_0_5S5P97GF529CA4CE8871470487.htm,,,芒市農業主導品種指引：雲抗10號來源,A,2026-09-12T07:43:33+00:00,策展來源支持名稱、地理層級或包含關係；欄位採知識庫受控值，並不構成產品產地證明。
PEV-SITE-83FB7764C764C3B5,PLC-000052,precision,"""Wikidata 山體座標；不代表南糯山茶區或任何茶園邊界""",SRC-000015,Wikidata,https://www.wikidata.org/wiki/Q137566992,,,Wikidata Q137566992；Nannuo Mountain，located in Menghai County,C,2026-09-12T07:43:33+00:00,公開地理資料的標籤點或代表點；不等於行政區幾何中心、茶區邊界或單一茶園位置。
PEV-SITE-D031A1F455742A54,PLC-000052,standard_name,"""南糯山""",SRC-000008,Chinese government public information,https://www.dhms.gov.cn/nyj/Web/_F0_0_5S5P97GF529CA4CE8871470487.htm,,,芒市農業主導品種指引：雲抗10號來源,A,2026-09-12T07:43:33+00:00,策展來源支持名稱、地理層級或包含關係；欄位採知識庫受控值，並不構成產品產地證明。
PEV-SITE-3F0A66ABF7CD1BE8,PLC-000053,admin_level,"""市轄區""",SRC-000008,Chinese government public information,https://nync.yn.gov.cn/html/2021/guihuaxinxi_1112/381334.html,,,雲南省茶產業十四五規劃,A,2026-09-12T07:43:33+00:00,策展來源支持名稱、地理層級或包含關係；欄位採知識庫受控值，並不構成產品產地證明。
PEV-SITE-D9968D9E44063850,PLC-000053,latitude,22.7618309,SRC-000013,OpenStreetMap Nominatim,https://www.openstreetmap.org/relation/2716233,,,OSM relation 2716233；思茅區,C,2026-09-12T07:43:33+00:00,公開地理資料的標籤點或代表點；不等於行政區幾何中心、茶區邊界或單一茶園位置。
PEV-SITE-DDF351EC2DFF09C5,PLC-000053,longitude,100.7910996,SRC-000013,OpenStreetMap Nominatim,https://www.openstreetmap.org/relation/2716233,,,OSM relation 2716233；思茅區,C,2026-09-12T07:43:33+00:00,公開地理資料的標籤點或代表點；不等於行政區幾何中心、茶區邊界或單一茶園位置。
PEV-SITE-527706BB969BE027,PLC-000053,parent_place_id,"""PLC-000008""",SRC-000008,Chinese government public information,https://nync.yn.gov.cn/html/2021/guihuaxinxi_1112/381334.html,,,雲南省茶產業十四五規劃,A,2026-09-12T07:43:33+00:00,策展來源支持名稱、地理層級或包含關係；欄位採知識庫受控值，並不構成產品產地證明。
PEV-SITE-BD2FA9D7FFF04290,PLC-000053,precision,"""OSM 行政區 relation 標籤點；非區域幾何中心或茶園位置""",SRC-000013,OpenStreetMap Nominatim,https://www.openstreetmap.org/relation/2716233,,,OSM relation 2716233；思茅區,C,2026-09-12T07:43:33+00:00,公開地理資料的標籤點或代表點；不等於行政區幾何中心、茶區邊界或單一茶園位置。
PEV-SITE-094AD226CEC01C4B,PLC-000053,standard_name,"""思茅區""",SRC-000008,Chinese government public information,https://nync.yn.gov.cn/html/2021/guihuaxinxi_1112/381334.html,,,雲南省茶產業十四五規劃,A,2026-09-12T07:43:33+00:00,策展來源支持名稱、地理層級或包含關係；欄位採知識庫受控值，並不構成產品產地證明。
PEV-SITE-D85E3111936807E7,PLC-000054,admin_level,"""自治縣""",SRC-000004,Wikimedia Commons,https://commons.wikimedia.org/wiki/File:%EF%BC%88%E9%81%93%E5%85%89%EF%BC%89%E6%99%AE%E6%B4%B1%E5%BA%9C%E5%BF%97_-_%E9%81%93%E5%85%89%E4%BA%8C%E5%8D%81%E5%B9%B4_(1840).pdf,,,《道光普洱府志》數碼影像,C,2026-09-12T07:43:33+00:00,策展來源支持名稱、地理層級或包含關係；欄位採知識庫受控值，並不構成產品產地證明。
PEV-SITE-A173248B65CE9FAC,PLC-000054,latitude,23.0975051,SRC-000013,OpenStreetMap Nominatim,https://www.openstreetmap.org/relation/2716376,,,OSM relation 2716376；寧洱哈尼族彝族自治縣,C,2026-09-12T07:43:33+00:00,公開地理資料的標籤點或代表點；不等於行政區幾何中心、茶區邊界或單一茶園位置。
PEV-SITE-00C2BA4CA9CD8A98,PLC-000054,longitude,101.2015402,SRC-000013,OpenStreetMap Nominatim,https://www.openstreetmap.org/relation/2716376,,,OSM relation 2716376；寧洱哈尼族彝族自治縣,C,2026-09-12T07:43:33+00:00,公開地理資料的標籤點或代表點；不等於行政區幾何中心、茶區邊界或單一茶園位置。
PEV-SITE-07AA7B4C4B4EEFC1,PLC-000054,parent_place_id,"""PLC-000008""",SRC-000004,Wikimedia Commons,https://commons.wikimedia.org/wiki/File:%EF%BC%88%E9%81%93%E5%85%89%EF%BC%89%E6%99%AE%E6%B4%B1%E5%BA%9C%E5%BF%97_-_%E9%81%93%E5%85%89%E4%BA%8C%E5%8D%81%E5%B9%B4_(1840).pdf,,,《道光普洱府志》數碼影像,C,2026-09-12T07:43:33+00:00,策展來源支持名稱、地理層級或包含關係；欄位採知識庫受控值，並不構成產品產地證明。
PEV-SITE-1D9B9B68C89E2B2F,PLC-000054,precision,"""OSM 行政區 relation 標籤點；非縣域幾何中心或茶園位置""",SRC-000013,OpenStreetMap Nominatim,https://www.openstreetmap.org/relation/2716376,,,OSM relation 2716376；寧洱哈尼族彝族自治縣,C,2026-09-12T07:43:33+00:00,公開地理資料的標籤點或代表點；不等於行政區幾何中心、茶區邊界或單一茶園位置。
PEV-SITE-C0E9A8FD70756801,PLC-000054,standard_name,"""寧洱哈尼族彝族自治縣""",SRC-000004,Wikimedia Commons,https://commons.wikimedia.org/wiki/File:%EF%BC%88%E9%81%93%E5%85%89%EF%BC%89%E6%99%AE%E6%B4%B1%E5%BA%9C%E5%BF%97_-_%E9%81%93%E5%85%89%E4%BA%8C%E5%8D%81%E5%B9%B4_(1840).pdf,,,《道光普洱府志》數碼影像,C,2026-09-12T07:43:33+00:00,策展來源支持名稱、地理層級或包含關係；欄位採知識庫受控值，並不構成產品產地證明。
PEV-SITE-FD30553FA301674D,PLC-000055,admin_level,"""自治縣""",SRC-000008,Chinese government public information,https://lcj.yn.gov.cn/html/2026/zuixindongtai_0121/76016.html,,,雲南省林草局：鎮沅古茶樹監測,A,2026-09-12T07:43:33+00:00,策展來源支持名稱、地理層級或包含關係；欄位採知識庫受控值，並不構成產品產地證明。
PEV-SITE-4B2B039F41D6677D,PLC-000055,latitude,23.9298788,SRC-000013,OpenStreetMap Nominatim,https://www.openstreetmap.org/relation/2716377,,,OSM relation 2716377；鎮沅彝族哈尼族拉祜族自治縣,C,2026-09-12T07:43:33+00:00,公開地理資料的標籤點或代表點；不等於行政區幾何中心、茶區邊界或單一茶園位置。
PEV-SITE-8903EBEA92E8A235,PLC-000055,longitude,100.9375874,SRC-000013,OpenStreetMap Nominatim,https://www.openstreetmap.org/relation/2716377,,,OSM relation 2716377；鎮沅彝族哈尼族拉祜族自治縣,C,2026-09-12T07:43:33+00:00,公開地理資料的標籤點或代表點；不等於行政區幾何中心、茶區邊界或單一茶園位置。
PEV-SITE-87DBA53EDDCD4C60,PLC-000055,parent_place_id,"""PLC-000008""",SRC-000008,Chinese government public information,https://lcj.yn.gov.cn/html/2026/zuixindongtai_0121/76016.html,,,雲南省林草局：鎮沅古茶樹監測,A,2026-09-12T07:43:33+00:00,策展來源支持名稱、地理層級或包含關係；欄位採知識庫受控值，並不構成產品產地證明。
PEV-SITE-3C2C12BD5857F422,PLC-000055,precision,"""OSM 行政區 relation 標籤點；非縣域幾何中心或茶園位置""",SRC-000013,OpenStreetMap Nominatim,https://www.openstreetmap.org/relation/2716377,,,OSM relation 2716377；鎮沅彝族哈尼族拉祜族自治縣,C,2026-09-12T07:43:33+00:00,公開地理資料的標籤點或代表點；不等於行政區幾何中心、茶區邊界或單一茶園位置。
PEV-SITE-BBBC991178AD3064,PLC-000055,standard_name,"""鎮沅彝族哈尼族拉祜族自治縣""",SRC-000008,Chinese government public information,https://lcj.yn.gov.cn/html/2026/zuixindongtai_0121/76016.html,,,雲南省林草局：鎮沅古茶樹監測,A,2026-09-12T07:43:33+00:00,策展來源支持名稱、地理層級或包含關係；欄位採知識庫受控值，並不構成產品產地證明。
PEV-SITE-B918AFFB65660BB2,PLC-000056,admin_level,"""自然保護區內種群／樣地語境""",SRC-000008,Chinese government public information,https://lcj.yn.gov.cn/html/2026/zuixindongtai_0121/76016.html,,,雲南省林草局：千家寨古茶樹體檢,A,2026-09-12T07:43:33+00:00,策展來源支持名稱、地理層級或包含關係；欄位採知識庫受控值，並不構成產品產地證明。
PEV-SITE-C38C0B0904FF088F,PLC-000056,parent_place_id,"""PLC-000055""",SRC-000008,Chinese government public information,https://lcj.yn.gov.cn/html/2026/zuixindongtai_0121/76016.html,,,雲南省林草局：千家寨古茶樹體檢,A,2026-09-12T07:43:33+00:00,策展來源支持名稱、地理層級或包含關係；欄位採知識庫受控值，並不構成產品產地證明。
PEV-SITE-49C32011AA209813,PLC-000056,standard_name,"""哀牢山千家寨野生茶樹群落""",SRC-000008,Chinese government public information,https://lcj.yn.gov.cn/html/2026/zuixindongtai_0121/76016.html,,,雲南省林草局：千家寨古茶樹體檢,A,2026-09-12T07:43:33+00:00,策展來源支持名稱、地理層級或包含關係；欄位採知識庫受控值，並不構成產品產地證明。
PEV-SITE-4D93816DBBB8B5B9,PLC-000057,admin_level,"""自治縣""",SRC-000008,Chinese government public information,https://nync.yn.gov.cn/html/2021/yunnongkuanxun-new_0420/377927.html,,,雲南省農業農村廳茶區資料,A,2026-09-12T07:43:33+00:00,策展來源支持名稱、地理層級或包含關係；欄位採知識庫受控值，並不構成產品產地證明。
PEV-SITE-D7F3EA49759FEEEA,PLC-000057,latitude,24.3828662,SRC-000013,OpenStreetMap Nominatim,https://www.openstreetmap.org/relation/2716373,,,OSM relation 2716373；景東彝族自治縣,C,2026-09-12T07:43:33+00:00,公開地理資料的標籤點或代表點；不等於行政區幾何中心、茶區邊界或單一茶園位置。
PEV-SITE-03E1601FB7D29DCA,PLC-000057,longitude,100.8265221,SRC-000013,OpenStreetMap Nominatim,https://www.openstreetmap.org/relation/2716373,,,OSM relation 2716373；景東彝族自治縣,C,2026-09-12T07:43:33+00:00,公開地理資料的標籤點或代表點；不等於行政區幾何中心、茶區邊界或單一茶園位置。
PEV-SITE-85931BEC8469D7D1,PLC-000057,parent_place_id,"""PLC-000008""",SRC-000008,Chinese government public information,https://nync.yn.gov.cn/html/2021/yunnongkuanxun-new_0420/377927.html,,,雲南省農業農村廳茶區資料,A,2026-09-12T07:43:33+00:00,策展來源支持名稱、地理層級或包含關係；欄位採知識庫受控值，並不構成產品產地證明。
PEV-SITE-3BA2A83321C8DC13,PLC-000057,precision,"""OSM 行政區 relation 標籤點；非縣域幾何中心或茶園位置""",SRC-000013,OpenStreetMap Nominatim,https://www.openstreetmap.org/relation/2716373,,,OSM relation 2716373；景東彝族自治縣,C,2026-09-12T07:43:33+00:00,公開地理資料的標籤點或代表點；不等於行政區幾何中心、茶區邊界或單一茶園位置。
PEV-SITE-77C5E229237A189D,PLC-000057,standard_name,"""景東彝族自治縣""",SRC-000008,Chinese government public information,https://nync.yn.gov.cn/html/2021/yunnongkuanxun-new_0420/377927.html,,,雲南省農業農村廳茶區資料,A,2026-09-12T07:43:33+00:00,策展來源支持名稱、地理層級或包含關係；欄位採知識庫受控值，並不構成產品產地證明。
PEV-SITE-AF925A3FE10FCC42,PLC-000058,admin_level,"""山脈／產業茶區""",SRC-000008,Chinese government public information,https://nync.yn.gov.cn/html/2021/yunnongkuanxun-new_0420/377927.html,,,雲南省農業農村廳茶區資料,A,2026-09-12T07:43:33+00:00,策展來源支持名稱、地理層級或包含關係；欄位採知識庫受控值，並不構成產品產地證明。
PEV-SITE-739586FDB9214512,PLC-000058,parent_place_id,"""PLC-000057""",SRC-000008,Chinese government public information,https://nync.yn.gov.cn/html/2021/yunnongkuanxun-new_0420/377927.html,,,雲南省農業農村廳茶區資料,A,2026-09-12T07:43:33+00:00,策展來源支持名稱、地理層級或包含關係；欄位採知識庫受控值，並不構成產品產地證明。
PEV-SITE-F1C835F959009681,PLC-000058,standard_name,"""無量山茶區""",SRC-000008,Chinese government public information,https://nync.yn.gov.cn/html/2021/yunnongkuanxun-new_0420/377927.html,,,雲南省農業農村廳茶區資料,A,2026-09-12T07:43:33+00:00,策展來源支持名稱、地理層級或包含關係；欄位採知識庫受控值，並不構成產品產地證明。
PEV-SITE-D2B74F427CCFD8BC,PLC-000059,admin_level,"""自治縣""",SRC-000006,FAO,https://www.fao.org/fileadmin/user_upload/giahs/docs/Proposal-for-Puer.pdf,,,普洱傳統茶農業系統申報文件,A,2026-09-12T07:43:33+00:00,策展來源支持名稱、地理層級或包含關係；欄位採知識庫受控值，並不構成產品產地證明。
PEV-SITE-8123D16FB272F7A5,PLC-000059,latitude,23.5020342,SRC-000013,OpenStreetMap Nominatim,https://www.openstreetmap.org/relation/2716374,,,OSM relation 2716374；景谷傣族彝族自治縣,C,2026-09-12T07:43:33+00:00,公開地理資料的標籤點或代表點；不等於行政區幾何中心、茶區邊界或單一茶園位置。
PEV-SITE-B3DA840D770AE2A0,PLC-000059,longitude,100.7110063,SRC-000013,OpenStreetMap Nominatim,https://www.openstreetmap.org/relation/2716374,,,OSM relation 2716374；景谷傣族彝族自治縣,C,2026-09-12T07:43:33+00:00,公開地理資料的標籤點或代表點；不等於行政區幾何中心、茶區邊界或單一茶園位置。
PEV-SITE-0D60D597730BCA7A,PLC-000059,parent_place_id,"""PLC-000008""",SRC-000006,FAO,https://www.fao.org/fileadmin/user_upload/giahs/docs/Proposal-for-Puer.pdf,,,普洱傳統茶農業系統申報文件,A,2026-09-12T07:43:33+00:00,策展來源支持名稱、地理層級或包含關係；欄位採知識庫受控值，並不構成產品產地證明。
PEV-SITE-3ABBD977FCC4E038,PLC-000059,precision,"""OSM 行政區 relation 標籤點；非縣域幾何中心或茶園位置""",SRC-000013,OpenStreetMap Nominatim,https://www.openstreetmap.org/relation/2716374,,,OSM relation 2716374；景谷傣族彝族自治縣,C,2026-09-12T07:43:33+00:00,公開地理資料的標籤點或代表點；不等於行政區幾何中心、茶區邊界或單一茶園位置。
PEV-SITE-CBB00112D4E23027,PLC-000059,standard_name,"""景谷傣族彝族自治縣""",SRC-000006,FAO,https://www.fao.org/fileadmin/user_upload/giahs/docs/Proposal-for-Puer.pdf,,,普洱傳統茶農業系統申報文件,A,2026-09-12T07:43:33+00:00,策展來源支持名稱、地理層級或包含關係；欄位採知識庫受控值，並不構成產品產地證明。
PEV-SITE-890692E30D82D903,PLC-000060,admin_level,"""地級市""",SRC-000008,Chinese government public information,https://nync.yn.gov.cn/html/2021/guihuaxinxi_1112/381334.html,,,雲南省茶產業十四五規劃,A,2026-09-12T07:43:33+00:00,策展來源支持名稱、地理層級或包含關係；欄位採知識庫受控值，並不構成產品產地證明。
PEV-SITE-CC4E24374FAE5FA1,PLC-000060,latitude,25.1147115,SRC-000013,OpenStreetMap Nominatim,https://www.openstreetmap.org/relation/2727146,,,OSM relation 2727146；保山市,C,2026-09-12T07:43:33+00:00,公開地理資料的標籤點或代表點；不等於行政區幾何中心、茶區邊界或單一茶園位置。
PEV-SITE-803ACFEEC9904E08,PLC-000060,longitude,99.1591622,SRC-000013,OpenStreetMap Nominatim,https://www.openstreetmap.org/relation/2727146,,,OSM relation 2727146；保山市,C,2026-09-12T07:43:33+00:00,公開地理資料的標籤點或代表點；不等於行政區幾何中心、茶區邊界或單一茶園位置。
PEV-SITE-E8587C4E9D963C5E,PLC-000060,parent_place_id,"""PLC-000003""",SRC-000008,Chinese government public information,https://nync.yn.gov.cn/html/2021/guihuaxinxi_1112/381334.html,,,雲南省茶產業十四五規劃,A,2026-09-12T07:43:33+00:00,策展來源支持名稱、地理層級或包含關係；欄位採知識庫受控值，並不構成產品產地證明。
PEV-SITE-53920ED26E5F8225,PLC-000060,precision,"""OSM 行政區 relation 標籤點；非市域幾何中心或茶園位置""",SRC-000013,OpenStreetMap Nominatim,https://www.openstreetmap.org/relation/2727146,,,OSM relation 2727146；保山市,C,2026-09-12T07:43:33+00:00,公開地理資料的標籤點或代表點；不等於行政區幾何中心、茶區邊界或單一茶園位置。
PEV-SITE-55979FDB67C41941,PLC-000060,standard_name,"""保山市""",SRC-000008,Chinese government public information,https://nync.yn.gov.cn/html/2021/guihuaxinxi_1112/381334.html,,,雲南省茶產業十四五規劃,A,2026-09-12T07:43:33+00:00,策展來源支持名稱、地理層級或包含關係；欄位採知識庫受控值，並不構成產品產地證明。
PEV-SITE-1AC92A36F4A7A6A8,PLC-000061,admin_level,"""縣""",SRC-000008,Chinese government public information,https://nync.yn.gov.cn/html/2021/guihuaxinxi_1112/381334.html,,,雲南省茶產業十四五規劃,A,2026-09-12T07:43:33+00:00,策展來源支持名稱、地理層級或包含關係；欄位採知識庫受控值，並不構成產品產地證明。
PEV-SITE-6440DD490BC298A7,PLC-000061,latitude,24.8256972,SRC-000013,OpenStreetMap Nominatim,https://www.openstreetmap.org/relation/2725432,,,OSM relation 2725432；昌寧縣,C,2026-09-12T07:43:33+00:00,公開地理資料的標籤點或代表點；不等於行政區幾何中心、茶區邊界或單一茶園位置。
PEV-SITE-AD6E0E5A7B0BD729,PLC-000061,longitude,99.6104198,SRC-000013,OpenStreetMap Nominatim,https://www.openstreetmap.org/relation/2725432,,,OSM relation 2725432；昌寧縣,C,2026-09-12T07:43:33+00:00,公開地理資料的標籤點或代表點；不等於行政區幾何中心、茶區邊界或單一茶園位置。
PEV-SITE-186D5D9703B42031,PLC-000061,parent_place_id,"""PLC-000060""",SRC-000008,Chinese government public information,https://nync.yn.gov.cn/html/2021/guihuaxinxi_1112/381334.html,,,雲南省茶產業十四五規劃,A,2026-09-12T07:43:33+00:00,策展來源支持名稱、地理層級或包含關係；欄位採知識庫受控值，並不構成產品產地證明。
PEV-SITE-C6459E3D04F1BE26,PLC-000061,precision,"""OSM 行政區 relation 標籤點；非縣域幾何中心或茶園位置""",SRC-000013,OpenStreetMap Nominatim,https://www.openstreetmap.org/relation/2725432,,,OSM relation 2725432；昌寧縣,C,2026-09-12T07:43:33+00:00,公開地理資料的標籤點或代表點；不等於行政區幾何中心、茶區邊界或單一茶園位置。
PEV-SITE-2C67FA63FC8138D3,PLC-000061,standard_name,"""昌寧縣""",SRC-000008,Chinese government public information,https://nync.yn.gov.cn/html/2021/guihuaxinxi_1112/381334.html,,,雲南省茶產業十四五規劃,A,2026-09-12T07:43:33+00:00,策展來源支持名稱、地理層級或包含關係；欄位採知識庫受控值，並不構成產品產地證明。
PEV-SITE-CD241A1283E2E7E9,PLC-000062,admin_level,"""自治州""",SRC-000008,Chinese government public information,https://nync.yn.gov.cn/html/2021/guihuaxinxi_1112/381334.html,,,雲南省茶產業十四五規劃,A,2026-09-12T07:43:33+00:00,策展來源支持名稱、地理層級或包含關係；欄位採知識庫受控值，並不構成產品產地證明。
PEV-SITE-4D7145E00E5ECBE3,PLC-000062,latitude,24.4363819,SRC-000013,OpenStreetMap Nominatim,https://www.openstreetmap.org/relation/2717249,,,OSM relation 2717249；德宏傣族景頗族自治州,C,2026-09-12T07:43:33+00:00,公開地理資料的標籤點或代表點；不等於行政區幾何中心、茶區邊界或單一茶園位置。
PEV-SITE-1AB047607EFAEED6,PLC-000062,longitude,98.5850386,SRC-000013,OpenStreetMap Nominatim,https://www.openstreetmap.org/relation/2717249,,,OSM relation 2717249；德宏傣族景頗族自治州,C,2026-09-12T07:43:33+00:00,公開地理資料的標籤點或代表點；不等於行政區幾何中心、茶區邊界或單一茶園位置。
PEV-SITE-BE5CBF51F027F074,PLC-000062,parent_place_id,"""PLC-000003""",SRC-000008,Chinese government public information,https://nync.yn.gov.cn/html/2021/guihuaxinxi_1112/381334.html,,,雲南省茶產業十四五規劃,A,2026-09-12T07:43:33+00:00,策展來源支持名稱、地理層級或包含關係；欄位採知識庫受控值，並不構成產品產地證明。
PEV-SITE-CFB370054CF83156,PLC-000062,precision,"""OSM 行政區 relation 標籤點；非自治州幾何中心或茶園位置""",SRC-000013,OpenStreetMap Nominatim,https://www.openstreetmap.org/relation/2717249,,,OSM relation 2717249；德宏傣族景頗族自治州,C,2026-09-12T07:43:33+00:00,公開地理資料的標籤點或代表點；不等於行政區幾何中心、茶區邊界或單一茶園位置。
PEV-SITE-EDCB95E315346058,PLC-000062,standard_name,"""德宏傣族景頗族自治州""",SRC-000008,Chinese government public information,https://nync.yn.gov.cn/html/2021/guihuaxinxi_1112/381334.html,,,雲南省茶產業十四五規劃,A,2026-09-12T07:43:33+00:00,策展來源支持名稱、地理層級或包含關係；欄位採知識庫受控值，並不構成產品產地證明。
PEV-SITE-3F364A2C33949089,PLC-000063,admin_level,"""縣級市""",SRC-000008,Chinese government public information,https://www.dhms.gov.cn/nyj/Web/_F0_0_5S5P97GF529CA4CE8871470487.htm,,,2024年芒市農業主導品種主推技術指引,A,2026-09-12T07:43:33+00:00,策展來源支持名稱、地理層級或包含關係；欄位採知識庫受控值，並不構成產品產地證明。
PEV-SITE-20A4A780858CD425,PLC-000063,latitude,24.4369028,SRC-000013,OpenStreetMap Nominatim,https://www.openstreetmap.org/relation/2717274,,,OSM relation 2717274；芒市,C,2026-09-12T07:43:33+00:00,公開地理資料的標籤點或代表點；不等於行政區幾何中心、茶區邊界或單一茶園位置。
PEV-SITE-119E9A9123F3BA1A,PLC-000063,longitude,98.5886667,SRC-000013,OpenStreetMap Nominatim,https://www.openstreetmap.org/relation/2717274,,,OSM relation 2717274；芒市,C,2026-09-12T07:43:33+00:00,公開地理資料的標籤點或代表點；不等於行政區幾何中心、茶區邊界或單一茶園位置。
PEV-SITE-FFD1769FA88C4952,PLC-000063,parent_place_id,"""PLC-000062""",SRC-000008,Chinese government public information,https://www.dhms.gov.cn/nyj/Web/_F0_0_5S5P97GF529CA4CE8871470487.htm,,,2024年芒市農業主導品種主推技術指引,A,2026-09-12T07:43:33+00:00,策展來源支持名稱、地理層級或包含關係；欄位採知識庫受控值，並不構成產品產地證明。
PEV-SITE-C98E4FA93588C38E,PLC-000063,precision,"""OSM 行政區 relation 標籤點；非市域幾何中心或茶園位置""",SRC-000013,OpenStreetMap Nominatim,https://www.openstreetmap.org/relation/2717274,,,OSM relation 2717274；芒市,C,2026-09-12T07:43:33+00:00,公開地理資料的標籤點或代表點；不等於行政區幾何中心、茶區邊界或單一茶園位置。
PEV-SITE-3C35CFBCC6DE5EE7,PLC-000063,standard_name,"""芒市""",SRC-000008,Chinese government public information,https://www.dhms.gov.cn/nyj/Web/_F0_0_5S5P97GF529CA4CE8871470487.htm,,,2024年芒市農業主導品種主推技術指引,A,2026-09-12T07:43:33+00:00,策展來源支持名稱、地理層級或包含關係；欄位採知識庫受控值，並不構成產品產地證明。
PEV-SITE-3C29D605C6A538AC,PLC-000064,admin_level,"""自治州""",SRC-000008,Chinese government public information,https://nync.yn.gov.cn/html/2009/shengweishengzhengfushenongwenjian_0626/399901.html?cid=5781,,,普洱茶地理標誌保護管理辦法,A,2026-09-12T07:43:33+00:00,策展來源支持名稱、地理層級或包含關係；欄位採知識庫受控值，並不構成產品產地證明。
PEV-SITE-8A5047E23107702E,PLC-000064,latitude,23.3634018,SRC-000013,OpenStreetMap Nominatim,https://www.openstreetmap.org/relation/2723404,,,OSM relation 2723404；紅河哈尼族彝族自治州,C,2026-09-12T07:43:33+00:00,公開地理資料的標籤點或代表點；不等於行政區幾何中心、茶區邊界或單一茶園位置。
PEV-SITE-74C604BB5AE1ACAB,PLC-000064,longitude,103.3716107,SRC-000013,OpenStreetMap Nominatim,https://www.openstreetmap.org/relation/2723404,,,OSM relation 2723404；紅河哈尼族彝族自治州,C,2026-09-12T07:43:33+00:00,公開地理資料的標籤點或代表點；不等於行政區幾何中心、茶區邊界或單一茶園位置。
PEV-SITE-1C6033E8E2C09848,PLC-000064,parent_place_id,"""PLC-000003""",SRC-000008,Chinese government public information,https://nync.yn.gov.cn/html/2009/shengweishengzhengfushenongwenjian_0626/399901.html?cid=5781,,,普洱茶地理標誌保護管理辦法,A,2026-09-12T07:43:33+00:00,策展來源支持名稱、地理層級或包含關係；欄位採知識庫受控值，並不構成產品產地證明。
PEV-SITE-491CE53864D0998A,PLC-000064,precision,"""OSM 行政區 relation 標籤點；非自治州幾何中心或茶園位置""",SRC-000013,OpenStreetMap Nominatim,https://www.openstreetmap.org/relation/2723404,,,OSM relation 2723404；紅河哈尼族彝族自治州,C,2026-09-12T07:43:33+00:00,公開地理資料的標籤點或代表點；不等於行政區幾何中心、茶區邊界或單一茶園位置。
PEV-SITE-7A3B0FCA2A8B54C5,PLC-000064,standard_name,"""紅河哈尼族彝族自治州""",SRC-000008,Chinese government public information,https://nync.yn.gov.cn/html/2009/shengweishengzhengfushenongwenjian_0626/399901.html?cid=5781,,,普洱茶地理標誌保護管理辦法,A,2026-09-12T07:43:33+00:00,策展來源支持名稱、地理層級或包含關係；欄位採知識庫受控值，並不構成產品產地證明。
PEV-SITE-D73C6505A5B11B97,PLC-000065,admin_level,"""自治州""",SRC-000008,Chinese government public information,https://nync.yn.gov.cn/html/2009/shengweishengzhengfushenongwenjian_0626/399901.html?cid=5781,,,普洱茶地理標誌保護管理辦法,A,2026-09-12T07:43:33+00:00,策展來源支持名稱、地理層級或包含關係；欄位採知識庫受控值，並不構成產品產地證明。
PEV-SITE-2AD98E6029026B94,PLC-000065,latitude,23.399102,SRC-000013,OpenStreetMap Nominatim,https://www.openstreetmap.org/relation/2718941,,,OSM relation 2718941；文山壯族苗族自治州,C,2026-09-12T07:43:33+00:00,公開地理資料的標籤點或代表點；不等於行政區幾何中心、茶區邊界或單一茶園位置。
PEV-SITE-02AAB2D1F76BBC0D,PLC-000065,longitude,104.2172181,SRC-000013,OpenStreetMap Nominatim,https://www.openstreetmap.org/relation/2718941,,,OSM relation 2718941；文山壯族苗族自治州,C,2026-09-12T07:43:33+00:00,公開地理資料的標籤點或代表點；不等於行政區幾何中心、茶區邊界或單一茶園位置。
PEV-SITE-B2E378BE4A241177,PLC-000065,parent_place_id,"""PLC-000003""",SRC-000008,Chinese government public information,https://nync.yn.gov.cn/html/2009/shengweishengzhengfushenongwenjian_0626/399901.html?cid=5781,,,普洱茶地理標誌保護管理辦法,A,2026-09-12T07:43:33+00:00,策展來源支持名稱、地理層級或包含關係；欄位採知識庫受控值，並不構成產品產地證明。
PEV-SITE-574EF04ED129AFCA,PLC-000065,precision,"""OSM 行政區 relation 標籤點；非自治州幾何中心或茶園位置""",SRC-000013,OpenStreetMap Nominatim,https://www.openstreetmap.org/relation/2718941,,,OSM relation 2718941；文山壯族苗族自治州,C,2026-09-12T07:43:33+00:00,公開地理資料的標籤點或代表點；不等於行政區幾何中心、茶區邊界或單一茶園位置。
PEV-SITE-1615E85E8D05100E,PLC-000065,standard_name,"""文山壯族苗族自治州""",SRC-000008,Chinese government public information,https://nync.yn.gov.cn/html/2009/shengweishengzhengfushenongwenjian_0626/399901.html?cid=5781,,,普洱茶地理標誌保護管理辦法,A,2026-09-12T07:43:33+00:00,策展來源支持名稱、地理層級或包含關係；欄位採知識庫受控值，並不構成產品產地證明。
