document_id,title,author,published_date,document_type,source_id,source_url,final_url,fulltext_status,rights_status,license,evidence_level,local_original_path,local_text_path,file_size,page_count,word_count,sha256,ocr_status,quality_status,retrieved_at,content_type,error_message,version,created_at,updated_at,relevance_status,relevance_score,relevance_reason,eligible_for_retrieval,canonical_document_id,is_retrieval_representative
DOC-000001,Public source: https://www.fao.org/3/i4480e/i4480e.pdf,,,public_web_source,SRC-000004,https://www.fao.org/3/i4480e/i4480e.pdf,https://www.fao.org/3/i4480e/i4480e.pdf,DOWNLOAD_FAILED,unknown,unknown,C,,,0,0,0,,not_required,unverified,2026-07-31T09:34:19+00:00,,<urlopen error [SSL: UNEXPECTED_EOF_WHILE_READING] EOF occurred in violation of protocol (_ssl.c:1010)>,1,2026-07-31T09:33:51+00:00,2026-08-12T21:39:59+00:00,NEEDS_REVIEW,0.0,no reliable tea-domain or exclusion signal,0,DOC-000001,1
DOC-000033,Keystone microbial taxa in the formation of stale aroma during pile fermentation of ripened Pu-erh tea,Yiwei Weng; Shiqiang He; Zhengfei Luo; Jin Sun; Qinghua Cheng; Yingjuan Chen; Huarong Tong,2025-11-12,posted-content,SRC-000002,https://www.researchsquare.com/article/rs-7653483/v1,https://www.researchsquare.com/article/rs-7653483/v1,METADATA_ONLY,unknown,unknown,B,,,0,0,0,,not_required,unverified,,,,1,2026-07-31T09:58:58+00:00,2026-08-12T21:39:59+00:00,CORE_PUER,1.0,"direct Pu-erh identity marker in title: pu-erh; metadata or fulltext is not locally verified, so retrieval remains disabled",0,DOC-000033,1
DOC-000034,IMPACT OF FERMENTATION DEGREE ON THE ANTIOXIDANT ACTIVITY OF PU-ERH TEA IN VITRO,LINGZHI ZHANG; DENGLIANG WANG; WEIXIN CHEN; XINDONG TAN; PENGCHENG WANG,2011-12-21,journal-article,SRC-000002,https://api.wiley.com/onlinelibrary/tdm/v1/articles/10.1111%2Fj.1745-4514.2010.00536.x,https://api.wiley.com/onlinelibrary/tdm/v1/articles/10.1111%2Fj.1745-4514.2010.00536.x,METADATA_ONLY,unknown,unknown,B,,,0,0,0,,not_required,unverified,,,,1,2026-07-31T09:58:58+00:00,2026-08-12T21:39:59+00:00,CORE_PUER,1.0,"direct Pu-erh identity marker in title: pu-erh; metadata or fulltext is not locally verified, so retrieval remains disabled",0,DOC-000034,1
DOC-000035,Keystone Microbial Taxa in the Formation of Stale Aroma During Pile Fermentation of Ripened Pu-Erh Tea,Yiwei Weng; Shiqiang He; Zhengfei Luo; Jin Sun; Hongwei Dai; Ying-Juan Chen; Huarong Tong,2025,posted-content,SRC-000002,https://doi.org/10.2139/ssrn.5389630,https://doi.org/10.2139/ssrn.5389630,METADATA_ONLY,unknown,unknown,B,,,0,0,0,,not_required,unverified,,,,1,2026-07-31T09:58:58+00:00,2026-08-12T21:39:59+00:00,CORE_PUER,1.0,"direct Pu-erh identity marker in title: pu-erh; metadata or fulltext is not locally verified, so retrieval remains disabled",0,DOC-000033,0
DOC-000036,Characteristics of bacterial community during the pile fermentation of Pu-erh tea in a five-ton batch of Pu-erh tea commercial production process,Rui-Juan Yang; Wei Zhang; Qiao-Mei Wang; Wen-Shu Peng; Jie Lv; Liang Yan; Jun Sheng; Jun Lu,2022-7-8,posted-content,SRC-000002,https://www.researchsquare.com/article/rs-1810590/v1,https://www.researchsquare.com/article/rs-1810590/v1,METADATA_ONLY,unknown,unknown,B,,,0,0,0,,not_required,unverified,,,,1,2026-07-31T09:58:58+00:00,2026-08-12T21:39:59+00:00,CORE_PUER,1.0,"direct Pu-erh identity marker in title: pu-erh; metadata or fulltext is not locally verified, so retrieval remains disabled",0,DOC-000036,1
DOC-000037,Pu-erh Tea Its Manufacturing and Health Benets,,2008-7-9,book-chapter,SRC-000002,https://doi.org/10.1201/9781420008036-6,https://doi.org/10.1201/9781420008036-6,METADATA_ONLY,unknown,unknown,B,,,0,0,0,,not_required,unverified,,,,1,2026-07-31T09:58:58+00:00,2026-08-12T21:39:59+00:00,CORE_PUER,1.0,"direct Pu-erh identity marker in title: pu-erh; metadata or fulltext is not locally verified, so retrieval remains disabled",0,DOC-000037,1
DOC-000038,Dynamic Profiling of Phenolic Acids during Pu-erh Tea Fermentation Using Derivatization Liquid ChromatographyMass Spectrometry Approach,,,component,SRC-000002,https://doi.org/10.1021/acs.jafc.9b00789.s001,https://doi.org/10.1021/acs.jafc.9b00789.s001,METADATA_ONLY,unknown,unknown,B,,,0,0,0,,not_required,unverified,,,,1,2026-07-31T09:58:58+00:00,2026-08-12T21:39:59+00:00,CORE_PUER,1.0,"direct Pu-erh identity marker in title: pu-erh; metadata or fulltext is not locally verified, so retrieval remains disabled",0,DOC-000038,1
DOC-000039,Proteogenomics Study of Blastobotrys adeninivorans TMCC 70007A Dominant Yeast in the Fermentation Process of Pu-erh Tea,,,component,SRC-000002,https://doi.org/10.1021/acs.jproteome.1c00205.s001,https://doi.org/10.1021/acs.jproteome.1c00205.s001,METADATA_ONLY,unknown,unknown,B,,,0,0,0,,not_required,unverified,,,,1,2026-07-31T09:58:58+00:00,2026-08-12T21:39:59+00:00,CORE_PUER,1.0,"direct Pu-erh identity marker in title: pu-erh; metadata or fulltext is not locally verified, so retrieval remains disabled",0,DOC-000039,1
DOC-000040,Proteogenomics Study of Blastobotrys adeninivorans TMCC 70007A Dominant Yeast in the Fermentation Process of Pu-erh Tea,,,component,SRC-000002,https://doi.org/10.1021/acs.jproteome.1c00205.s007,https://doi.org/10.1021/acs.jproteome.1c00205.s007,METADATA_ONLY,unknown,unknown,B,,,0,0,0,,not_required,unverified,,,,1,2026-07-31T09:58:58+00:00,2026-08-12T21:39:59+00:00,CORE_PUER,1.0,"direct Pu-erh identity marker in title: pu-erh; metadata or fulltext is not locally verified, so retrieval remains disabled",0,DOC-000040,1
DOC-000041,Proteogenomics Study of Blastobotrys adeninivorans TMCC 70007A Dominant Yeast in the Fermentation Process of Pu-erh Tea,,,component,SRC-000002,https://doi.org/10.1021/acs.jproteome.1c00205.s003,https://doi.org/10.1021/acs.jproteome.1c00205.s003,METADATA_ONLY,unknown,unknown,B,,,0,0,0,,not_required,unverified,,,,1,2026-07-31T09:58:58+00:00,2026-08-12T21:39:59+00:00,CORE_PUER,1.0,"direct Pu-erh identity marker in title: pu-erh; metadata or fulltext is not locally verified, so retrieval remains disabled",0,DOC-000041,1
DOC-000042,Proteogenomics Study of Blastobotrys adeninivorans TMCC 70007A Dominant Yeast in the Fermentation Process of Pu-erh Tea,,,component,SRC-000002,https://doi.org/10.1021/acs.jproteome.1c00205.s005,https://doi.org/10.1021/acs.jproteome.1c00205.s005,METADATA_ONLY,unknown,unknown,B,,,0,0,0,,not_required,unverified,,,,1,2026-07-31T09:58:58+00:00,2026-08-12T21:39:59+00:00,CORE_PUER,1.0,"direct Pu-erh identity marker in title: pu-erh; metadata or fulltext is not locally verified, so retrieval remains disabled",0,DOC-000042,1
DOC-000043,Proteogenomics Study of Blastobotrys adeninivorans TMCC 70007A Dominant Yeast in the Fermentation Process of Pu-erh Tea,,,component,SRC-000002,https://doi.org/10.1021/acs.jproteome.1c00205.s006,https://doi.org/10.1021/acs.jproteome.1c00205.s006,METADATA_ONLY,unknown,unknown,B,,,0,0,0,,not_required,unverified,,,,1,2026-07-31T09:58:58+00:00,2026-08-12T21:39:59+00:00,CORE_PUER,1.0,"direct Pu-erh identity marker in title: pu-erh; metadata or fulltext is not locally verified, so retrieval remains disabled",0,DOC-000043,1
DOC-000044,Proteogenomics Study of Blastobotrys adeninivorans TMCC 70007A Dominant Yeast in the Fermentation Process of Pu-erh Tea,,,component,SRC-000002,https://doi.org/10.1021/acs.jproteome.1c00205.s004,https://doi.org/10.1021/acs.jproteome.1c00205.s004,METADATA_ONLY,unknown,unknown,B,,,0,0,0,,not_required,unverified,,,,1,2026-07-31T09:58:58+00:00,2026-08-12T21:39:59+00:00,CORE_PUER,1.0,"direct Pu-erh identity marker in title: pu-erh; metadata or fulltext is not locally verified, so retrieval remains disabled",0,DOC-000044,1
DOC-000045,Proteogenomics Study of Blastobotrys adeninivorans TMCC 70007A Dominant Yeast in the Fermentation Process of Pu-erh Tea,,,component,SRC-000002,https://doi.org/10.1021/acs.jproteome.1c00205.s002,https://doi.org/10.1021/acs.jproteome.1c00205.s002,METADATA_ONLY,unknown,unknown,B,,,0,0,0,,not_required,unverified,,,,1,2026-07-31T09:58:58+00:00,2026-08-12T21:39:59+00:00,CORE_PUER,1.0,"direct Pu-erh identity marker in title: pu-erh; metadata or fulltext is not locally verified, so retrieval remains disabled",0,DOC-000045,1
DOC-000046,Comparative analysis of chemical constituents and antioxidant activity in tea-leaves microbial fermentation of seven tea-derived fungi from ripened Pu-erh tea,Zihao Wang; Chengqin Zheng; Cunqiang Ma; Bingsong Ma; Jiacai Wang; Binxing Zhou; Tao Xia,2021-5,journal-article,SRC-000002,https://api.elsevier.com/content/article/PII:S0023643821001596?httpAccept=text/xml,https://api.elsevier.com/content/article/PII:S0023643821001596?httpAccept=text/xml,METADATA_ONLY,unknown,unknown,B,,,0,0,0,,not_required,unverified,,,,1,2026-07-31T09:58:58+00:00,2026-08-12T21:39:59+00:00,CORE_PUER,1.0,"direct Pu-erh identity marker in title: pu-erh; metadata or fulltext is not locally verified, so retrieval remains disabled",0,DOC-000046,1
DOC-000047,Effects of Storage Time on the Quality and Microbial Community of Ripe Pu-Erh Tea,Liuyu Li; Yiqiao Zhao; Yilong Li; Lisha Ran; jinhua Chen; Kunbo Wang; Zhonghua Liu; Shi Li; Jianan Huang; Mingzhi Zhu,2025,posted-content,SRC-000002,https://doi.org/10.2139/ssrn.5360606,https://doi.org/10.2139/ssrn.5360606,METADATA_ONLY,unknown,unknown,B,,,0,0,0,,not_required,unverified,,,,1,2026-07-31T09:58:58+00:00,2026-08-12T21:39:59+00:00,CORE_PUER,1.0,"direct Pu-erh identity marker in title: pu-erh; metadata or fulltext is not locally verified, so retrieval remains disabled",0,DOC-000047,1
DOC-000048,Microbiota drive insoluble polysaccharides utilization via microbiome-metabolome interplay during Pu-erh tea fermentation,Xiqing Bian; Wen Miao; Ming Zhao; Yiran Zhao; Ying Xiao; Na Li; Jian-Lin Wu,2022-5,journal-article,SRC-000002,https://api.elsevier.com/content/article/PII:S0308814621030132?httpAccept=text/xml,https://api.elsevier.com/content/article/PII:S0308814621030132?httpAccept=text/xml,METADATA_ONLY,unknown,unknown,B,,,0,0,0,,not_required,unverified,,,,1,2026-07-31T09:58:58+00:00,2026-08-12T21:39:59+00:00,CORE_PUER,1.0,"direct Pu-erh identity marker in title: pu-erh; metadata or fulltext is not locally verified, so retrieval remains disabled",0,DOC-000048,1
DOC-000049,"Effect of Microbial Fermentation on Content of Statin, GABA, and Polyphenols in Pu-Erh Tea",Kee-Ching Jeng; Chin-Shuh Chen; Yu-Pun Fang; Rolis Chien-Wei Hou; Yuh-Shuen Chen,2007-9-20,journal-article,SRC-000002,https://pubs.acs.org/doi/pdf/10.1021/jf071629p,https://pubs.acs.org/doi/pdf/10.1021/jf071629p,METADATA_ONLY,unknown,unknown,B,,,0,0,0,,not_required,unverified,,,,1,2026-07-31T09:58:58+00:00,2026-08-12T21:39:59+00:00,CORE_PUER,1.0,"direct Pu-erh identity marker in title: pu-erh; metadata or fulltext is not locally verified, so retrieval remains disabled",0,DOC-000049,1
DOC-000050,"Effects of Microbial Action and Moist-Heat Action on the Nonvolatile Components of Pu-Erh Tea, as Revealed by Metabolomics",,,component,SRC-000002,https://doi.org/10.1021/acs.jafc.2c05925.s001,https://doi.org/10.1021/acs.jafc.2c05925.s001,METADATA_ONLY,unknown,unknown,B,,,0,0,0,,not_required,unverified,,,,1,2026-07-31T09:58:58+00:00,2026-08-12T21:39:59+00:00,CORE_PUER,1.0,"direct Pu-erh identity marker in title: pu-erh; metadata or fulltext is not locally verified, so retrieval remains disabled",0,DOC-000050,1
DOC-000051,Influence of the post-fermentation by four Aspergillus strains on the aroma of pu-erh tea,Tu Pengfei,2016-4,journal-article,SRC-000002,https://doi.org/10.5246/jcps.2016.04.032,https://doi.org/10.5246/jcps.2016.04.032,METADATA_ONLY,unknown,unknown,B,,,0,0,0,,not_required,unverified,,,,1,2026-07-31T09:58:58+00:00,2026-08-12T21:39:59+00:00,CORE_PUER,1.0,"direct Pu-erh identity marker in title: pu-erh; metadata or fulltext is not locally verified, so retrieval remains disabled",0,DOC-000051,1
DOC-000052,"The unique aroma of ripened Pu-erh tea, Liupao tea and Tietban tea: Associated post-fermentation condition and dominant microorganism with key aroma-active compound",Yiwei Weng; Linmu Chen; Jirui Kun; Shiqiang He; Huarong Tong; Yingjuan Chen,2025-2,journal-article,SRC-000002,https://api.elsevier.com/content/article/PII:S0308814624034381?httpAccept=text/xml,https://api.elsevier.com/content/article/PII:S0308814624034381?httpAccept=text/xml,METADATA_ONLY,unknown,unknown,B,,,0,0,0,,not_required,unverified,,,,1,2026-07-31T09:58:58+00:00,2026-08-12T21:39:59+00:00,CORE_PUER,1.0,"direct Pu-erh identity marker in title: pu-erh; metadata or fulltext is not locally verified, so retrieval remains disabled",0,DOC-000052,1
DOC-000053,Enhancement of Fermentation Process in Pu‐Erh Tea by Tea‐Leaf Extract,C.W. Hou; K.C. Jeng; Y.S. Chen,2010-1,journal-article,SRC-000002,https://api.wiley.com/onlinelibrary/tdm/v1/articles/10.1111%2Fj.1750-3841.2009.01441.x,https://api.wiley.com/onlinelibrary/tdm/v1/articles/10.1111%2Fj.1750-3841.2009.01441.x,METADATA_ONLY,unknown,unknown,B,,,0,0,0,,not_required,unverified,,,,1,2026-07-31T09:58:58+00:00,2026-08-12T21:39:59+00:00,CORE_PUER,1.0,"direct Pu-erh identity marker in title: pu-erh; metadata or fulltext is not locally verified, so retrieval remains disabled",0,DOC-000053,1
DOC-000054,Effect of different drying methods after fermentation on the aroma of Pu-erh tea (ripe tea),Zhixia Wang; Dan Su; Hongtao Ren; Qian Lv; Ling Ren; Yali Li; Hongjie Zhou,2022-12,journal-article,SRC-000002,https://api.elsevier.com/content/article/PII:S0023643822010647?httpAccept=text/xml,https://api.elsevier.com/content/article/PII:S0023643822010647?httpAccept=text/xml,METADATA_ONLY,unknown,unknown,B,,,0,0,0,,not_required,unverified,,,,1,2026-07-31T09:58:58+00:00,2026-08-12T21:39:59+00:00,CORE_PUER,1.0,"direct Pu-erh identity marker in title: pu-erh; metadata or fulltext is not locally verified, so retrieval remains disabled",0,DOC-000054,1
DOC-000055,Comparison of Quality Characteristic and Antioxidant Potential of Cultivated Pu-erh and Gushu Pu-erh Tea Extracts at Two Temperatures,Sung-Hee Choi; Il-Doo Kim; Sanjeev Kumar Dhungana; Do-Gong Kim,2018-9-30,journal-article,SRC-000002,https://microbiologyjournal.org/comparison-of-quality-characteristic-and-antioxidant-potential-of-cultivated-pu-erh-and-gushu-pu-erh-tea-extracts-at-two-temperatures/,https://microbiologyjournal.org/comparison-of-quality-characteristic-and-antioxidant-potential-of-cultivated-pu-erh-and-gushu-pu-erh-tea-extracts-at-two-temperatures/,METADATA_ONLY,unknown,unknown,B,,,0,0,0,,not_required,unverified,,,,1,2026-07-31T09:58:58+00:00,2026-08-12T21:39:59+00:00,CORE_PUER,1.0,"direct Pu-erh identity marker in title: pu-erh; metadata or fulltext is not locally verified, so retrieval remains disabled",0,DOC-000055,1
DOC-000056,"Changes In Sensory Characteristics, Chemical Composition And Microbial Succession During Fermentation of Ancient Plants Pu-Erh Tea",Teng Wang; Ruo-yu Li; Liu Kunyi; Qiu-yue Chen; Nianguo Bo; Qi Wang; Yan-qing Xiao; Gen Sha; Siqin Chen; Xin Lei; Yi Lu; Yan Ma; Ming Zhao,2023,posted-content,SRC-000002,https://doi.org/10.2139/ssrn.4588696,https://doi.org/10.2139/ssrn.4588696,METADATA_ONLY,unknown,unknown,B,,,0,0,0,,not_required,unverified,,,,1,2026-07-31T09:58:58+00:00,2026-08-12T21:39:59+00:00,CORE_PUER,1.0,"direct Pu-erh identity marker in title: pu-erh; metadata or fulltext is not locally verified, so retrieval remains disabled",0,DOC-000013,0
DOC-000057,Development of the fingerprints of crude Pu-erh tea and ripened Pu-erh tea by high­performance liquid chromatography,Liang Zhang; Peng-Fei Tu,2011-7-1,journal-article,SRC-000002,https://doi.org/10.5246/jcps.2011.04.044,https://doi.org/10.5246/jcps.2011.04.044,METADATA_ONLY,unknown,unknown,B,,,0,0,0,,not_required,unverified,,,,1,2026-07-31T09:58:58+00:00,2026-08-12T21:39:59+00:00,CORE_PUER,1.0,"direct Pu-erh identity marker in title: pu-erh; metadata or fulltext is not locally verified, so retrieval remains disabled",0,DOC-000057,1
DOC-000066,Yunnan Pu-erh Tea,Jiashun Gong; Qiuping Wang; Sarote Sirisansaneeyakul; Anna McElhatton,2016,book-chapter,SRC-000002,http://link.springer.com/content/pdf/10.1007/978-1-4899-7671-0_15,http://link.springer.com/content/pdf/10.1007/978-1-4899-7671-0_15,METADATA_ONLY,unknown,unknown,B,,,0,0,0,,not_required,unverified,,,,1,2026-07-31T10:02:21+00:00,2026-08-12T21:40:00+00:00,CORE_PUER,1.0,"direct Pu-erh identity marker in title: pu-erh; metadata or fulltext is not locally verified, so retrieval remains disabled",0,DOC-000066,1
DOC-000067,Pu-erh tea,Selena Ahmed; John Richard Stepp,2025,book-chapter,SRC-000002,https://api.elsevier.com/content/article/PII:B9780443141584000518?httpAccept=text/xml,https://api.elsevier.com/content/article/PII:B9780443141584000518?httpAccept=text/xml,METADATA_ONLY,unknown,unknown,B,,,0,0,0,,not_required,unverified,,,,1,2026-07-31T10:02:21+00:00,2026-08-12T21:40:00+00:00,CORE_PUER,1.0,"direct Pu-erh identity marker in title: pu-erh; metadata or fulltext is not locally verified, so retrieval remains disabled",0,DOC-000067,1
DOC-000068,Pu-erh Tea,Selena Ahmed; John Richard Stepp,2013,book-chapter,SRC-000002,https://doi.org/10.1016/b978-0-12-384937-3.00005-7,https://doi.org/10.1016/b978-0-12-384937-3.00005-7,METADATA_ONLY,unknown,unknown,B,,,0,0,0,,not_required,unverified,,,,1,2026-07-31T10:02:21+00:00,2026-08-12T21:40:00+00:00,CORE_PUER,1.0,"direct Pu-erh identity marker in title: pu-erh; metadata or fulltext is not locally verified, so retrieval remains disabled",0,DOC-000067,0
DOC-000069,Characterization of Volatile Substances in Pu-erh Tea (Raw Tea) at Different Storage Times,Yang Liu; Zhixia Wang; Xinyi Zhang; Hongyu Chen; Dianrong Ruan; Silei Bai; Jianan Huang; Zhonghua Liu,2025-2-28,journal-article,SRC-000002,https://www.mdpi.com/2304-8158/14/5/840/pdf,https://www.mdpi.com/2304-8158/14/5/840/pdf,METADATA_ONLY,unknown,unknown,B,,,0,0,0,,not_required,unverified,,,,1,2026-07-31T10:02:21+00:00,2026-08-12T21:40:00+00:00,CORE_PUER,1.0,"direct Pu-erh identity marker in title: pu-erh; metadata or fulltext is not locally verified, so retrieval remains disabled",0,DOC-000069,0
DOC-000070,The mechanisms of weight-cutting effect in Pu-erh tea,Xiao-Jü ZOU; Yi-Hong DING; Bin LIANG,2013-1-28,journal-article,SRC-000002,https://www.zoores.ac.cn/article/exportPdf?id=3204,https://www.zoores.ac.cn/article/exportPdf?id=3204,METADATA_ONLY,unknown,unknown,B,,,0,0,0,,not_required,unverified,,,,1,2026-07-31T10:02:21+00:00,2026-08-12T21:40:00+00:00,CORE_PUER,1.0,"direct Pu-erh identity marker in title: pu-erh; metadata or fulltext is not locally verified, so retrieval remains disabled",0,DOC-000070,1
DOC-000071,Characterization of the thermal release dynamics of key aroma substances in Pu-erh tea and instant Pu-erh tea,Wazhen Xu; Xue-Jiao Wu; Yuqi Yuan; Tengfei Hu; Changwei Liu; Guohe Chen; Jian-An Huang; Zhonghua Liu; Chao Wang,2026,posted-content,SRC-000002,https://doi.org/10.2139/ssrn.6275140,https://doi.org/10.2139/ssrn.6275140,METADATA_ONLY,unknown,unknown,B,,,0,0,0,,not_required,unverified,,,,1,2026-07-31T10:02:21+00:00,2026-08-12T21:40:00+00:00,CORE_PUER,1.0,"direct Pu-erh identity marker in title: pu-erh; metadata or fulltext is not locally verified, so retrieval remains disabled",0,DOC-000071,1
DOC-000072,Effects of high temperature and high humidity (HTHH) treatment on quality of raw Pu-erh tea: Evaluating the rapid conversion process to ripe Pu-erh tea,Tong Qin; Chunying Sun; Yantong Sun; Yan Jin; Wenjie Sui; Min Zhang; Hairong Long; Tao Wu,2025,posted-content,SRC-000002,https://doi.org/10.2139/ssrn.5946779,https://doi.org/10.2139/ssrn.5946779,METADATA_ONLY,unknown,unknown,B,,,0,0,0,,not_required,unverified,,,,1,2026-07-31T10:02:21+00:00,2026-08-12T21:40:00+00:00,CORE_PUER,1.0,"direct Pu-erh identity marker in title: pu-erh; metadata or fulltext is not locally verified, so retrieval remains disabled",0,DOC-000072,1
DOC-000073,Effects of Aqueous Extracts of Raw Pu‐erh Tea and Ripened Pu‐Erh Tea on Proliferation and Differentiation of 3T3‐L1 Preadipocytes,Zhen‐Hui Cao; Hui Yang; Zhan‐Long He; Cheng Luo; Zhi‐Qiang Xu; Da‐Hai Gu; Jun‐Jing Jia; Chang‐Rong Ge; Qiu‐Ye Lin,2012-10-2,journal-article,SRC-000002,https://api.wiley.com/onlinelibrary/tdm/v1/articles/10.1002%2Fptr.4831,https://api.wiley.com/onlinelibrary/tdm/v1/articles/10.1002%2Fptr.4831,METADATA_ONLY,unknown,unknown,B,,,0,0,0,,not_required,unverified,,,,1,2026-07-31T10:02:21+00:00,2026-08-12T21:40:00+00:00,CORE_PUER,1.0,"direct Pu-erh identity marker in title: pu-erh; metadata or fulltext is not locally verified, so retrieval remains disabled",0,DOC-000073,1
DOC-000074,Pu-erh Tea Restored Circadian Rhythm Disruption by Regulating Tryptophan Metabolism,,,component,SRC-000002,https://doi.org/10.1021/acs.jafc.2c01883.s001,https://doi.org/10.1021/acs.jafc.2c01883.s001,METADATA_ONLY,unknown,unknown,B,,,0,0,0,,not_required,unverified,,,,1,2026-07-31T10:02:21+00:00,2026-08-12T21:40:00+00:00,CORE_PUER,1.0,"direct Pu-erh identity marker in title: pu-erh; metadata or fulltext is not locally verified, so retrieval remains disabled",0,DOC-000074,1
DOC-000075,Isolation and Identification of Chemical Structure of Antioxidant Flavonoids from Raw Pu-erh Tea,Hyun Jae Yoo; Ha Sook Chung,2020-6-30,journal-article,SRC-000002,https://doi.org/10.29225/jkts.2020.26.2.23,https://doi.org/10.29225/jkts.2020.26.2.23,METADATA_ONLY,unknown,unknown,B,,,0,0,0,,not_required,unverified,,,,1,2026-07-31T10:02:21+00:00,2026-08-12T21:40:00+00:00,CORE_PUER,1.0,"direct Pu-erh identity marker in title: pu-erh; metadata or fulltext is not locally verified, so retrieval remains disabled",0,DOC-000075,1
DOC-000076,"Metabolites and Metagenomic Analysis Reveals the Quality of “Tea Head”, a Derivative Product of Pu-Erh Tea",Shiqiang He; Xinyi Deng; Yuxin Han; Ying-Juan Chen,2023,posted-content,SRC-000002,https://doi.org/10.2139/ssrn.4476402,https://doi.org/10.2139/ssrn.4476402,METADATA_ONLY,unknown,unknown,B,,,0,0,0,,not_required,unverified,,,,1,2026-07-31T10:02:21+00:00,2026-08-12T21:40:00+00:00,CORE_PUER,1.0,"direct Pu-erh identity marker in title: pu-erh; metadata or fulltext is not locally verified, so retrieval remains disabled",0,DOC-000076,1
DOC-000077,Effect on Antioxidants and HCT116 Growth Inhibitory Activities of Phenolic Acids Isolated from Raw Pu-erh Tea,Ha Sook Chung,2020-12-30,journal-article,SRC-000002,https://doi.org/10.29225/jkts.2020.26.4.55,https://doi.org/10.29225/jkts.2020.26.4.55,METADATA_ONLY,unknown,unknown,B,,,0,0,0,,not_required,unverified,,,,1,2026-07-31T10:02:21+00:00,2026-08-12T21:40:00+00:00,CORE_PUER,1.0,"direct Pu-erh identity marker in title: pu-erh; metadata or fulltext is not locally verified, so retrieval remains disabled",0,DOC-000077,1
DOC-000078,Analysis on the Pu-erh Tea Experience on the Yan Xing Lu in the Late Joseon Dynasty,Won-Jong Yi,2019-12-31,journal-article,SRC-000002,https://doi.org/10.29225/jkts.2019.25.4.40,https://doi.org/10.29225/jkts.2019.25.4.40,METADATA_ONLY,unknown,unknown,B,,,0,0,0,,not_required,unverified,,,,1,2026-07-31T10:02:21+00:00,2026-08-12T21:40:00+00:00,CORE_PUER,1.0,"direct Pu-erh identity marker in title: pu-erh; metadata or fulltext is not locally verified, so retrieval remains disabled",0,DOC-000078,1
DOC-000079,Chemical constitutes of flavones from Pu-erh tea,,2013-5-15,journal-article,SRC-000002,https://doi.org/10.4268/cjcmm20131020,https://doi.org/10.4268/cjcmm20131020,METADATA_ONLY,unknown,unknown,B,,,0,0,0,,not_required,unverified,,,,1,2026-07-31T10:02:21+00:00,2026-08-12T21:40:00+00:00,CORE_PUER,1.0,"direct Pu-erh identity marker in title: pu-erh; metadata or fulltext is not locally verified, so retrieval remains disabled",0,DOC-000079,1
DOC-000080,Ripened Pu-erh Tea Extract Protects Mice from Obesity by Modulating Gut Microbiota Composition,,,component,SRC-000002,https://doi.org/10.1021/acs.jafc.8b04909.s007,https://doi.org/10.1021/acs.jafc.8b04909.s007,METADATA_ONLY,unknown,unknown,B,,,0,0,0,,not_required,unverified,,,,1,2026-07-31T10:02:21+00:00,2026-08-12T21:40:00+00:00,CORE_PUER,1.0,"direct Pu-erh identity marker in title: pu-erh; metadata or fulltext is not locally verified, so retrieval remains disabled",0,DOC-000080,1
DOC-000081,Ripened Pu-erh Tea Extract Protects Mice from Obesity by Modulating Gut Microbiota Composition,,,component,SRC-000002,https://doi.org/10.1021/acs.jafc.8b04909.s002,https://doi.org/10.1021/acs.jafc.8b04909.s002,METADATA_ONLY,unknown,unknown,B,,,0,0,0,,not_required,unverified,,,,1,2026-07-31T10:02:21+00:00,2026-08-12T21:40:00+00:00,CORE_PUER,1.0,"direct Pu-erh identity marker in title: pu-erh; metadata or fulltext is not locally verified, so retrieval remains disabled",0,DOC-000081,1
DOC-000082,Ripened Pu-erh Tea Extract Protects Mice from Obesity by Modulating Gut Microbiota Composition,,,component,SRC-000002,https://doi.org/10.1021/acs.jafc.8b04909.s004,https://doi.org/10.1021/acs.jafc.8b04909.s004,METADATA_ONLY,unknown,unknown,B,,,0,0,0,,not_required,unverified,,,,1,2026-07-31T10:02:21+00:00,2026-08-12T21:40:00+00:00,CORE_PUER,1.0,"direct Pu-erh identity marker in title: pu-erh; metadata or fulltext is not locally verified, so retrieval remains disabled",0,DOC-000082,1
DOC-000083,Comparable neuroprotection efficacy of raw Pu-erh tea and ripened Pu-erh tea in D-galactose-induced aging mice via gut-brain axis,Liyuan Peng; Hongzhe Zeng; Xiaomei Yang; Liwei Wan; Qixian Bai; Linmei Liu; Hui Rao; Hui Li; Xingrui Xiong; Linlin Li; Jiuyun Chu; Weitao Wang; Songtao Pu; Jian’an Huang; Zhonghua Liu,2026-5-5,journal-article,SRC-000002,https://www.nature.com/articles/s41538-026-00872-x,https://www.nature.com/articles/s41538-026-00872-x,METADATA_ONLY,unknown,unknown,B,,,0,0,0,,not_required,unverified,,,,1,2026-07-31T10:02:21+00:00,2026-08-12T21:40:00+00:00,CORE_PUER,1.0,"direct Pu-erh identity marker in title: pu-erh; metadata or fulltext is not locally verified, so retrieval remains disabled",0,DOC-000083,1
DOC-000084,Ripened Pu-erh Tea Extract Protects Mice from Obesity by Modulating Gut Microbiota Composition,,,component,SRC-000002,https://doi.org/10.1021/acs.jafc.8b04909.s006,https://doi.org/10.1021/acs.jafc.8b04909.s006,METADATA_ONLY,unknown,unknown,B,,,0,0,0,,not_required,unverified,,,,1,2026-07-31T10:02:21+00:00,2026-08-12T21:40:00+00:00,CORE_PUER,1.0,"direct Pu-erh identity marker in title: pu-erh; metadata or fulltext is not locally verified, so retrieval remains disabled",0,DOC-000084,1
DOC-000085,Ripened Pu-erh Tea Extract Protects Mice from Obesity by Modulating Gut Microbiota Composition,,,component,SRC-000002,https://doi.org/10.1021/acs.jafc.8b04909.s003,https://doi.org/10.1021/acs.jafc.8b04909.s003,METADATA_ONLY,unknown,unknown,B,,,0,0,0,,not_required,unverified,,,,1,2026-07-31T10:02:21+00:00,2026-08-12T21:40:00+00:00,CORE_PUER,1.0,"direct Pu-erh identity marker in title: pu-erh; metadata or fulltext is not locally verified, so retrieval remains disabled",0,DOC-000085,1
DOC-000107,Gut Microbiome and Metabolome Response of Pu-erh Tea on Metabolism Disorder Induced by Chronic Alcohol Consumption,,,component,SRC-000002,https://doi.org/10.1021/acs.jafc.0c01947.s001,https://doi.org/10.1021/acs.jafc.0c01947.s001,METADATA_ONLY,unknown,unknown,B,,,0,0,0,,not_required,unverified,,,,1,2026-07-31T10:03:19+00:00,2026-08-12T21:40:00+00:00,CORE_PUER,1.0,"direct Pu-erh identity marker in title: pu-erh; metadata or fulltext is not locally verified, so retrieval remains disabled",0,DOC-000107,1
DOC-000108,Storage Promotes the Taste and Aroma Flavor Transformation of Pu-Erh Loose Tea and its By-Product Tea Head with Different Effect,Shiqiang He; Yiwei Weng; Qinghua Cheng; Zhengli Gong; Huarong Tong; Ying-Juan Chen,2025,posted-content,SRC-000002,https://doi.org/10.2139/ssrn.5357128,https://doi.org/10.2139/ssrn.5357128,METADATA_ONLY,unknown,unknown,B,,,0,0,0,,not_required,unverified,,,,1,2026-07-31T10:03:19+00:00,2026-08-12T21:40:00+00:00,CORE_PUER,1.0,"direct Pu-erh identity marker in title: pu-erh; metadata or fulltext is not locally verified, so retrieval remains disabled",0,DOC-000108,1
DOC-000109,Variation in Volatile Compounds of Raw Pu-Erh Tea upon Steeping Process by Gas ChromatographyIon Mobility Spectrometry and Characterization of the Aroma-Active Compounds in Tea Infusion Using Gas ChromatographyOlfactometryMass Spectrometry,,,component,SRC-000002,https://doi.org/10.1021/acs.jafc.2c04342.s001,https://doi.org/10.1021/acs.jafc.2c04342.s001,METADATA_ONLY,unknown,unknown,B,,,0,0,0,,not_required,unverified,,,,1,2026-07-31T10:03:19+00:00,2026-08-12T21:40:00+00:00,CORE_PUER,1.0,"direct Pu-erh identity marker in title: pu-erh; metadata or fulltext is not locally verified, so retrieval remains disabled",0,DOC-000109,1
DOC-000110,Mechanistic insights into aroma aging of ripened Pu-erh tea during long-term storage,Zheng Xuexue; Hengbin Yao; Shaohong Zheng; huimin An; Jinwen Gao; Peng Yin; Xie He; Yang Liu; Jing Zhang; Yajie Xue; Lianqing Wang; jinhua Chen; Jian-an Huang; Zhonghua Liu,2026,posted-content,SRC-000002,https://doi.org/10.2139/ssrn.6175170,https://doi.org/10.2139/ssrn.6175170,METADATA_ONLY,unknown,unknown,B,,,0,0,0,,not_required,unverified,,,,1,2026-07-31T10:03:19+00:00,2026-08-12T21:40:00+00:00,CORE_PUER,1.0,"direct Pu-erh identity marker in title: pu-erh; metadata or fulltext is not locally verified, so retrieval remains disabled",0,DOC-000110,1
DOC-000111,High Temperature and High Humidity (Hthh) Alter Flavor Properties of Pu-Erh Tea Associated with Burnt Aroma Emergence,Tong Qin; Kaiyue Gao; Mengge Li; Yan Jin; Wenjie Sui; Min Zhang; Hairong Long; Tao Wu,2025,posted-content,SRC-000002,https://doi.org/10.2139/ssrn.5182161,https://doi.org/10.2139/ssrn.5182161,METADATA_ONLY,unknown,unknown,B,,,0,0,0,,not_required,unverified,,,,1,2026-07-31T10:03:19+00:00,2026-08-12T21:40:00+00:00,CORE_PUER,1.0,"direct Pu-erh identity marker in title: pu-erh; metadata or fulltext is not locally verified, so retrieval remains disabled",0,DOC-000111,1
DOC-000112,Gut Microbiome and Metabolome Response of Pu-erh Tea on Metabolism Disorder Induced by Chronic Alcohol Consumption,Yan Liu; Yakun Luo; Xinghua Wang; Liyong Luo; Kang Sun; Liang Zeng,2020-5-18,journal-article,SRC-000002,https://pubs.acs.org/doi/pdf/10.1021/acs.jafc.0c01947,https://pubs.acs.org/doi/pdf/10.1021/acs.jafc.0c01947,METADATA_ONLY,unknown,unknown,B,,,0,0,0,,not_required,unverified,,,,1,2026-07-31T10:03:19+00:00,2026-08-12T21:40:00+00:00,CORE_PUER,1.0,"direct Pu-erh identity marker in title: pu-erh; metadata or fulltext is not locally verified, so retrieval remains disabled",0,DOC-000112,1
DOC-000113,地域文化符号在茶叶包装中的叙事性设计研究——以云南普洱茶为例,,2025-11-1,journal-article,SRC-000002,https://doi.org/10.64216/3080-1516.25.11.022,https://doi.org/10.64216/3080-1516.25.11.022,METADATA_ONLY,unknown,unknown,B,,,0,0,0,,not_required,unverified,,,,1,2026-07-31T10:06:44+00:00,2026-08-12T21:40:00+00:00,CORE_PUER,1.0,"direct Pu-erh identity marker in title: 普洱; metadata or fulltext is not locally verified, so retrieval remains disabled",0,DOC-000113,1
DOC-000114,方 法,,2018-12-31,book-chapter,SRC-000002,https://doi.org/10.18356/3e58111e-zh,https://doi.org/10.18356/3e58111e-zh,METADATA_ONLY,unknown,unknown,B,,,0,0,0,,not_required,unverified,,,,1,2026-07-31T10:06:44+00:00,2026-08-12T21:40:00+00:00,NEEDS_REVIEW,0.0,no reliable tea-domain or exclusion signal,0,DOC-000114,1
DOC-000115,农产品贸易、粮食安全和气候变化 之间的联系,,2018-12-31,book-chapter,SRC-000002,https://doi.org/10.18356/791c1cf4-zh,https://doi.org/10.18356/791c1cf4-zh,METADATA_ONLY,unknown,unknown,B,,,0,0,0,,not_required,unverified,,,,1,2026-07-31T10:06:44+00:00,2026-08-12T21:40:00+00:00,NEEDS_REVIEW,0.0,no reliable tea-domain or exclusion signal,0,DOC-000115,1
DOC-000116,全国茶品評会の出品茶変化の経緯,,1979-3-31,journal-article,SRC-000002,https://www.jstage.jst.go.jp/article/cha1953/1979/Appendix4/1979_Appendix4_55/_pdf,https://www.jstage.jst.go.jp/article/cha1953/1979/Appendix4/1979_Appendix4_55/_pdf,METADATA_ONLY,unknown,unknown,B,,,0,0,0,,not_required,unverified,,,,1,2026-07-31T10:06:44+00:00,2026-08-12T21:40:00+00:00,SUPPORTING_TEA,0.82,"tea identity marker in title: 茶; metadata or fulltext is not locally verified, so retrieval remains disabled",0,DOC-000116,1
DOC-000117,2018 年農產品市場狀況,,2018-12-31,book,SRC-000002,https://doi.org/10.18356/8fa53712-zh,https://doi.org/10.18356/8fa53712-zh,METADATA_ONLY,unknown,unknown,B,,,0,0,0,,not_required,unverified,,,,1,2026-07-31T10:06:44+00:00,2026-08-12T21:40:00+00:00,NEEDS_REVIEW,0.0,no reliable tea-domain or exclusion signal,0,DOC-000117,1
DOC-000118,前言,,2018-12-31,book-chapter,SRC-000002,https://doi.org/10.18356/7e62cec2-zh,https://doi.org/10.18356/7e62cec2-zh,METADATA_ONLY,unknown,unknown,B,,,0,0,0,,not_required,unverified,,,,1,2026-07-31T10:06:44+00:00,2026-08-12T21:40:00+00:00,NEEDS_REVIEW,0.0,no reliable tea-domain or exclusion signal,0,DOC-000118,1
DOC-000119,术 语,,2018-12-31,book-chapter,SRC-000002,https://doi.org/10.18356/93d206cc-zh,https://doi.org/10.18356/93d206cc-zh,METADATA_ONLY,unknown,unknown,B,,,0,0,0,,not_required,unverified,,,,1,2026-07-31T10:06:44+00:00,2026-08-12T21:40:00+00:00,NEEDS_REVIEW,0.0,no reliable tea-domain or exclusion signal,0,DOC-000119,1
DOC-000120,茶叶种植与加工过程中的食品安全管理,苟慧慧,2025,journal-article,SRC-000002,http://ojs.omniscient.sg/index.php/atd/article/view/52711/51580,http://ojs.omniscient.sg/index.php/atd/article/view/52711/51580,METADATA_ONLY,unknown,unknown,B,,,0,0,0,,not_required,unverified,,,,1,2026-07-31T10:06:44+00:00,2026-08-12T21:40:00+00:00,SUPPORTING_TEA,0.82,"tea identity marker in title: 茶; metadata or fulltext is not locally verified, so retrieval remains disabled",0,DOC-000120,1
DOC-000121,内容提要,,2018-12-31,book-chapter,SRC-000002,https://doi.org/10.18356/1896734b-zh,https://doi.org/10.18356/1896734b-zh,METADATA_ONLY,unknown,unknown,B,,,0,0,0,,not_required,unverified,,,,1,2026-07-31T10:06:44+00:00,2026-08-12T21:40:00+00:00,NEEDS_REVIEW,0.0,no reliable tea-domain or exclusion signal,0,DOC-000121,1
DOC-000122,农产品贸易： 关键动态变化和趋势,,2018-12-31,book-chapter,SRC-000002,https://doi.org/10.18356/3b5bc21a-zh,https://doi.org/10.18356/3b5bc21a-zh,METADATA_ONLY,unknown,unknown,B,,,0,0,0,,not_required,unverified,,,,1,2026-07-31T10:06:44+00:00,2026-08-12T21:40:00+00:00,NEEDS_REVIEW,0.0,no reliable tea-domain or exclusion signal,0,DOC-000122,1
DOC-000123,缩略语,,2018-12-31,book-chapter,SRC-000002,https://doi.org/10.18356/435190b1-zh,https://doi.org/10.18356/435190b1-zh,METADATA_ONLY,unknown,unknown,B,,,0,0,0,,not_required,unverified,,,,1,2026-07-31T10:06:44+00:00,2026-08-12T21:40:00+00:00,NEEDS_REVIEW,0.0,no reliable tea-domain or exclusion signal,0,DOC-000123,1
DOC-000124,食品安全现状及食品安全检测,于孟瑶,2024,journal-article,SRC-000002,http://ojs.omniscient.sg/index.php/atd/article/view/49430/48318,http://ojs.omniscient.sg/index.php/atd/article/view/49430/48318,METADATA_ONLY,unknown,unknown,B,,,0,0,0,,not_required,unverified,,,,1,2026-07-31T10:06:44+00:00,2026-08-12T21:40:00+00:00,NEEDS_REVIEW,0.0,no reliable tea-domain or exclusion signal,0,DOC-000124,1
DOC-000125,食品安全问题及食品检测的发展方向探及趋势,曲 笛; 廖红生,2024,journal-article,SRC-000002,http://ojs.omniscient.sg/index.php/atd/article/view/34234/33175,http://ojs.omniscient.sg/index.php/atd/article/view/34234/33175,METADATA_ONLY,unknown,unknown,B,,,0,0,0,,not_required,unverified,,,,1,2026-07-31T10:06:44+00:00,2026-08-12T21:40:00+00:00,NEEDS_REVIEW,0.0,no reliable tea-domain or exclusion signal,0,DOC-000125,1
DOC-000126,食品安全与食品安全监督管理浅析,刘文博,2025,journal-article,SRC-000002,http://ojs.omniscient.sg/index.php/esra/article/view/52199/51072,http://ojs.omniscient.sg/index.php/esra/article/view/52199/51072,METADATA_ONLY,unknown,unknown,B,,,0,0,0,,not_required,unverified,,,,1,2026-07-31T10:06:44+00:00,2026-08-12T21:40:00+00:00,NEEDS_REVIEW,0.0,no reliable tea-domain or exclusion signal,0,DOC-000126,1
DOC-000127,食品化工机械及其自动化与食品安全,苗雨健; 石淑芬,2025,journal-article,SRC-000002,http://ojs.omniscient.sg/index.php/esra/article/view/60320/59063,http://ojs.omniscient.sg/index.php/esra/article/view/60320/59063,METADATA_ONLY,unknown,unknown,B,,,0,0,0,,not_required,unverified,,,,1,2026-07-31T10:06:44+00:00,2026-08-12T21:40:00+00:00,NEEDS_REVIEW,0.0,no reliable tea-domain or exclusion signal,0,DOC-000127,1
DOC-000128,應急狀態下平衡政府資訊公開和公民資訊安全的制度研究,歐志龍,2025-6-20,journal-article,SRC-000002,http://ojs.iajournals.cn/index.php/ishss/article/download/56/46,http://ojs.iajournals.cn/index.php/ishss/article/download/56/46,METADATA_ONLY,unknown,unknown,B,,,0,0,0,,not_required,unverified,,,,1,2026-07-31T10:06:44+00:00,2026-08-12T21:40:00+00:00,NEEDS_REVIEW,0.0,no reliable tea-domain or exclusion signal,0,DOC-000128,1
DOC-000129,在社会治理视阈下探析数字赋能公共普惠性养老院安全管理的意义及路径,,2025-6-25,journal-article,SRC-000002,https://doi.org/10.64216/3104-9672.25.06.055,https://doi.org/10.64216/3104-9672.25.06.055,METADATA_ONLY,unknown,unknown,B,,,0,0,0,,not_required,unverified,,,,1,2026-07-31T10:06:44+00:00,2026-08-12T21:40:00+00:00,NEEDS_REVIEW,0.0,no reliable tea-domain or exclusion signal,0,DOC-000129,1
DOC-000130,第三方安全咨询单位助力公路工程安全风险防控与预案优化深度报告,,2026-1-25,journal-article,SRC-000002,https://doi.org/10.64216/3104-9672.25.08.045,https://doi.org/10.64216/3104-9672.25.08.045,METADATA_ONLY,unknown,unknown,B,,,0,0,0,,not_required,unverified,,,,1,2026-07-31T10:06:44+00:00,2026-08-12T21:40:00+00:00,NEEDS_REVIEW,0.0,no reliable tea-domain or exclusion signal,0,DOC-000130,1
DOC-000131,食品安全现状及食品安全检测技术应用,姜　博,2025,journal-article,SRC-000002,http://ojs.omniscient.sg/index.php/esra/article/view/57209/56043,http://ojs.omniscient.sg/index.php/esra/article/view/57209/56043,METADATA_ONLY,unknown,unknown,B,,,0,0,0,,not_required,unverified,,,,1,2026-07-31T10:06:44+00:00,2026-08-12T21:40:00+00:00,NEEDS_REVIEW,0.0,no reliable tea-domain or exclusion signal,0,DOC-000131,1
DOC-000132,非关税措施： 法规和标准,,2018-12-31,book-chapter,SRC-000002,https://doi.org/10.18356/79090179-zh,https://doi.org/10.18356/79090179-zh,METADATA_ONLY,unknown,unknown,B,,,0,0,0,,not_required,unverified,,,,1,2026-07-31T10:06:44+00:00,2026-08-12T21:40:00+00:00,NEEDS_REVIEW,0.0,no reliable tea-domain or exclusion signal,0,DOC-000132,1
DOC-000133,https://doi.org/10.4327/jsnfs.37.151,Mariko INARIDA; Michiko HOYANO; Tadashi NOZAKI,1984,journal-article,SRC-000002,https://doi.org/10.4327/jsnfs.37.151,https://doi.org/10.4327/jsnfs.37.151,METADATA_ONLY,unknown,unknown,B,,,0,0,0,,not_required,unverified,,,,1,2026-07-31T10:06:44+00:00,2026-08-12T21:40:00+00:00,NEEDS_REVIEW,0.0,no reliable tea-domain or exclusion signal,0,DOC-000133,1
DOC-000134,公共安全行业关于如何提高数据传输安全的分析与方法研究,,2025-4-20,journal-article,SRC-000002,https://doi.org/10.64216/3104-9672.25.04.021,https://doi.org/10.64216/3104-9672.25.04.021,METADATA_ONLY,unknown,unknown,B,,,0,0,0,,not_required,unverified,,,,1,2026-07-31T10:06:44+00:00,2026-08-12T21:40:00+00:00,METHOD_ONLY,0.45,method marker without tea-domain evidence: 方法,0,DOC-000134,1
DOC-000135,https://www.jstage.jst.go.jp/article/jsmemecj/2012/0/2012__C171001-1/_pdf,,2012,journal-article,SRC-000002,https://www.jstage.jst.go.jp/article/jsmemecj/2012/0/2012__C171001-1/_pdf,https://www.jstage.jst.go.jp/article/jsmemecj/2012/0/2012__C171001-1/_pdf,METADATA_ONLY,unknown,unknown,B,,,0,0,0,,not_required,unverified,,,,1,2026-07-31T10:06:44+00:00,2026-08-12T21:40:00+00:00,NEEDS_REVIEW,0.0,no reliable tea-domain or exclusion signal,0,DOC-000135,1
DOC-000136,應急狀態下平衡政府資訊公開和公民資訊安全的制度研究,歐志龍,2025-6-20,journal-article,SRC-000002,http://ojs.iajournals.cn/index.php/ishss/article/download/56/138,http://ojs.iajournals.cn/index.php/ishss/article/download/56/138,METADATA_ONLY,unknown,unknown,B,,,0,0,0,,not_required,unverified,,,,1,2026-07-31T10:06:44+00:00,2026-08-12T21:40:00+00:00,NEEDS_REVIEW,0.0,no reliable tea-domain or exclusion signal,0,DOC-000128,0
DOC-000137,食品教育视域下抹茶贮藏色泽劣变机理及复合护色技术研究,,2026-7-20,journal-article,SRC-000002,https://doi.org/10.64216/3080-1494.26.07.111,https://doi.org/10.64216/3080-1494.26.07.111,METADATA_ONLY,unknown,unknown,B,,,0,0,0,,not_required,unverified,,,,1,2026-07-31T10:06:44+00:00,2026-08-12T21:40:00+00:00,SUPPORTING_TEA,0.82,"tea identity marker in title: 茶; metadata or fulltext is not locally verified, so retrieval remains disabled",0,DOC-000137,1
DOC-000155,La quinta presidenza italiana del G8,Franco Frattini,2009-01-01,journal_article,SRC-000001,https://dialnet.unirioja.es/servlet/articulo?codigo=2983542,https://dialnet.unirioja.es/servlet/articulo?codigo=2983542,METADATA_ONLY,unknown,unknown,B,,,0,0,0,,not_required,unverified,,,,1,2026-07-31T10:13:36+00:00,2026-08-12T21:40:00+00:00,NEEDS_REVIEW,0.0,no reliable tea-domain or exclusion signal,0,DOC-000155,1
DOC-000158,Ripened Pu-erh Tea Extract Protects Mice from Obesity by Modulating Gut Microbiota Composition,,,component,SRC-000002,https://doi.org/10.1021/acs.jafc.8b04909.s005,https://doi.org/10.1021/acs.jafc.8b04909.s005,METADATA_ONLY,unknown,unknown,B,,,0,0,0,,not_required,unverified,,,,1,2026-07-31T10:13:38+00:00,2026-08-12T21:40:00+00:00,CORE_PUER,1.0,"direct Pu-erh identity marker in title: pu-erh; metadata or fulltext is not locally verified, so retrieval remains disabled",0,DOC-000158,1
DOC-000159,Ripened Pu-erh Tea Extract Protects Mice from Obesity by Modulating Gut Microbiota Composition,,,component,SRC-000002,https://doi.org/10.1021/acs.jafc.8b04909.s001,https://doi.org/10.1021/acs.jafc.8b04909.s001,METADATA_ONLY,unknown,unknown,B,,,0,0,0,,not_required,unverified,,,,1,2026-07-31T10:13:38+00:00,2026-08-12T21:40:00+00:00,CORE_PUER,1.0,"direct Pu-erh identity marker in title: pu-erh; metadata or fulltext is not locally verified, so retrieval remains disabled",0,DOC-000159,1
DOC-000160,Comparative Safety Evaluation of Chinese Pu-erh Green Tea Extract and Pu-erh Black Tea Extract in Wistar Rats,Di Wang; Rong Xiao; Xueting Hu; Kunlong Xu; Yan Hou; Ying Zhong; Jie Meng; Bolin Fan; Liegang Liu,2010-1-27,journal-article,SRC-000002,https://pubs.acs.org/doi/pdf/10.1021/jf902171h,https://pubs.acs.org/doi/pdf/10.1021/jf902171h,METADATA_ONLY,unknown,unknown,B,,,0,0,0,,not_required,unverified,,,,1,2026-07-31T10:13:38+00:00,2026-08-12T21:40:00+00:00,CORE_PUER,1.0,"direct Pu-erh identity marker in title: pu-erh; metadata or fulltext is not locally verified, so retrieval remains disabled",0,DOC-000160,1
DOC-000161,Non-destructive prediction of tea polyphenols during Pu-erh tea fermentation using NIR coupled with chemometrics methods,Min Liu; Runxian Wang; Delin Shi; Renyong Cao,2024-7,journal-article,SRC-000002,https://api.elsevier.com/content/article/PII:S0889157524002813?httpAccept=text/xml,https://api.elsevier.com/content/article/PII:S0889157524002813?httpAccept=text/xml,METADATA_ONLY,unknown,unknown,B,,,0,0,0,,not_required,unverified,,,,1,2026-07-31T10:13:38+00:00,2026-08-12T21:40:00+00:00,CORE_PUER,1.0,"direct Pu-erh identity marker in title: pu-erh; metadata or fulltext is not locally verified, so retrieval remains disabled",0,DOC-000161,1
DOC-000162,Unveiling the Chemical Composition of Unique Flavor Profiles in Raw Pu-Erh Tea from Different Tea-Producing Mountains,Xinyi Zhang; Hongyu Chen; Yang Liu; Ou Xingchang; Lun Liu; Jian Ouyang; Ronggang Jiang; Xiaoqin Yi; Ligui Xiong; Jian-an Huang; Zhonghua Liu,2024,posted-content,SRC-000002,https://doi.org/10.2139/ssrn.4919197,https://doi.org/10.2139/ssrn.4919197,METADATA_ONLY,unknown,unknown,B,,,0,0,0,,not_required,unverified,,,,1,2026-07-31T10:13:38+00:00,2026-08-12T21:40:00+00:00,CORE_PUER,1.0,"direct Pu-erh identity marker in title: pu-erh; metadata or fulltext is not locally verified, so retrieval remains disabled",0,DOC-000162,0
DOC-000163,"Determination of amino acids in white, green, black, oolong, pu-erh teas and tea products",Rouba Horanni; Ulrich H. Engelhardt,2013-8,journal-article,SRC-000002,https://api.elsevier.com/content/article/PII:S0889157513000550?httpAccept=text/xml,https://api.elsevier.com/content/article/PII:S0889157513000550?httpAccept=text/xml,METADATA_ONLY,unknown,unknown,B,,,0,0,0,,not_required,unverified,,,,1,2026-07-31T10:13:38+00:00,2026-08-12T21:40:00+00:00,CORE_PUER,1.0,"direct Pu-erh identity marker in title: pu-erh; metadata or fulltext is not locally verified, so retrieval remains disabled",0,DOC-000163,1
DOC-000164,Simultaneous Determination of Pesticide Residues and Mycotoxins in Storage Pu-erh Tea Using Ultra-High-Performance Liquid Chromatography Coupled with Tandem Mass Spectrometry,Siu Leung Chau; Aihua Zhao; Wei Jia; Lu Wang,2023-9-30,journal-article,SRC-000002,https://www.mdpi.com/1420-3049/28/19/6883/pdf,https://www.mdpi.com/1420-3049/28/19/6883/pdf,METADATA_ONLY,unknown,unknown,B,,,0,0,0,,not_required,unverified,,,,1,2026-07-31T10:13:38+00:00,2026-08-12T21:40:00+00:00,CORE_PUER,1.0,"direct Pu-erh identity marker in title: pu-erh; metadata or fulltext is not locally verified, so retrieval remains disabled",0,DOC-000164,0
DOC-000165,The Impact of Citrus-Tea Cofermentation Process on Chemical Composition and Contents of Pu-Erh Tea: An Integrated Metabolomics Study,Ya Xu; Pu-Lin Liang; Xue-Lian Chen; Ming-Jiong Gong; Liang Zhang; Xiao-Hui Qiu; Jing Zhang; Zhi-Hai Huang; Wen Xu,2021-9-17,journal-article,SRC-000002,https://www.frontiersin.org/articles/10.3389/fnut.2021.737539/full,https://www.frontiersin.org/articles/10.3389/fnut.2021.737539/full,METADATA_ONLY,unknown,unknown,B,,,0,0,0,,not_required,unverified,,,,1,2026-07-31T10:13:38+00:00,2026-08-12T21:40:00+00:00,CORE_PUER,1.0,"direct Pu-erh identity marker in title: pu-erh; metadata or fulltext is not locally verified, so retrieval remains disabled",0,DOC-000165,0
DOC-000183,FUNGAL COLONIZATION OF PU‐ERH TEA IN YUNNAN,Z.J. ZHAO; H.R. TONG; L. ZHOU; E.X. WANG; Q.J. LIU,2010-5-25,journal-article,SRC-000002,https://api.wiley.com/onlinelibrary/tdm/v1/articles/10.1111%2Fj.1745-4565.2010.00240.x,https://api.wiley.com/onlinelibrary/tdm/v1/articles/10.1111%2Fj.1745-4565.2010.00240.x,METADATA_ONLY,unknown,unknown,B,,,0,0,0,,not_required,unverified,,,,1,2026-07-31T13:51:17+00:00,2026-08-12T21:40:00+00:00,CORE_PUER,1.0,"direct Pu-erh identity marker in title: pu-erh; metadata or fulltext is not locally verified, so retrieval remains disabled",0,DOC-000183,1
DOC-000184,Pu-erh Tea Its Manufacturing and Health Benefits,Shoei-Yn Lin-Shiau; Jen-Kun Lin; Huai-Yuan Chen,2008-7-9,book-chapter,SRC-000002,https://doi.org/10.1201/9781420008036.ch2,https://doi.org/10.1201/9781420008036.ch2,METADATA_ONLY,unknown,unknown,B,,,0,0,0,,not_required,unverified,,,,1,2026-07-31T13:51:17+00:00,2026-08-12T21:40:00+00:00,CORE_PUER,1.0,"direct Pu-erh identity marker in title: pu-erh; metadata or fulltext is not locally verified, so retrieval remains disabled",0,DOC-000184,1
DOC-000185,"Comparison of the Chemical Constituents of Aged Pu-erh Tea, Ripened Pu-erh Tea, and Other Teas Using HPLC-DAD-ESI-MS<sup><i>n</i></sup>",Liang Zhang; Ning Li; Zhi-Zhong Ma; Peng-Fei Tu,2011-8-3,journal-article,SRC-000002,https://pubs.acs.org/doi/pdf/10.1021/jf2015733,https://pubs.acs.org/doi/pdf/10.1021/jf2015733,METADATA_ONLY,unknown,unknown,B,,,0,0,0,,not_required,unverified,,,,1,2026-07-31T13:51:17+00:00,2026-08-12T21:40:00+00:00,CORE_PUER,1.0,"direct Pu-erh identity marker in title: pu-erh; metadata or fulltext is not locally verified, so retrieval remains disabled",0,DOC-000185,1
DOC-000186,Flavor evolution of Pu-erh tea (ripe tea): Quantitative characterization of volatile dynamics during natural aging,Zhixia Wang; Dan Su; Hongtao Ren; Jia Zhou; Chuyi He; Yali Li; Hongjie Zhou; Zhonghua Liu; Jianan Huang,2026-1,journal-article,SRC-000002,https://api.elsevier.com/content/article/PII:S0308814625036714?httpAccept=text/xml,https://api.elsevier.com/content/article/PII:S0308814625036714?httpAccept=text/xml,METADATA_ONLY,unknown,unknown,B,,,0,0,0,,not_required,unverified,,,,1,2026-07-31T13:51:17+00:00,2026-08-12T21:40:00+00:00,CORE_PUER,1.0,"direct Pu-erh identity marker in title: pu-erh; metadata or fulltext is not locally verified, so retrieval remains disabled",0,DOC-000186,1
DOC-000187,Comparative analysis of volatiles difference of Yunnan sun-dried Pu-erh green tea from different tea mountains: Jingmai and Wuliang mountain by chemical fingerprint similarity combined with principal component analysis and cluster analysis,Yuanshuang Wu; Shidong Lv; Chen Wang; Xuemei Gao; Jiangbing Li; Qingxiong Meng,2016-3-10,journal-article,SRC-000002,http://link.springer.com/content/pdf/10.1186/s13065-016-0159-y.pdf,http://link.springer.com/content/pdf/10.1186/s13065-016-0159-y.pdf,METADATA_ONLY,unknown,unknown,B,,,0,0,0,,not_required,unverified,,,,1,2026-07-31T13:51:17+00:00,2026-08-12T21:40:00+00:00,CORE_PUER,1.0,"direct Pu-erh identity marker in title: pu-erh; metadata or fulltext is not locally verified, so retrieval remains disabled",0,DOC-000187,0
DOC-000204,"Genetic diversity among south Indian tea germplasm (Camellia sinensis, C. assamica and C. assamica spp. lasiocalyx) using AFLP markers",T. Balasaravanan; P.K. Pius; R. Raj Kumar; N. Muraleedharan; A.K. Shasany,2003-8,journal-article,SRC-000002,https://api.elsevier.com/content/article/PII:S0168945203001961?httpAccept=text/xml,https://api.elsevier.com/content/article/PII:S0168945203001961?httpAccept=text/xml,METADATA_ONLY,unknown,unknown,B,,,0,0,0,,not_required,unverified,,,,1,2026-07-31T13:52:42+00:00,2026-08-12T21:40:01+00:00,SUPPORTING_TEA,0.82,"tea identity marker in title: tea; metadata or fulltext is not locally verified, so retrieval remains disabled",0,DOC-000204,1
DOC-000205,"Paenibacillus puerhi sp. nov., isolated from the rhizosphere soil of Pu-erh tea plants (Camellia sinensis var. assamica)",Rui-Juan Yang; De Zhou; Qiao-Mei Wang; Xing-Hua Wang; Wen-Jie Zhang; Li Zhuang; Xuan-Jun Wang; Liang Yan; Jie Lv; Jun Sheng,2021-1-2,journal-article,SRC-000002,https://link.springer.com/content/pdf/10.1007/s00203-020-02135-z.pdf,https://link.springer.com/content/pdf/10.1007/s00203-020-02135-z.pdf,METADATA_ONLY,unknown,unknown,B,,,0,0,0,,not_required,unverified,,,,1,2026-07-31T13:52:42+00:00,2026-08-12T21:40:01+00:00,CORE_PUER,1.0,"direct Pu-erh identity marker in title: pu-erh; metadata or fulltext is not locally verified, so retrieval remains disabled",0,DOC-000205,1
DOC-000206,Organogenesis responses of tea (Camellia sinensis (L.) O. Kuntze) var. assamica and sinensis,Hani Widhianata; Taryono,2019,proceedings-article,SRC-000002,http://aip.scitation.org/doi/pdf/10.1063/1.5098431,http://aip.scitation.org/doi/pdf/10.1063/1.5098431,METADATA_ONLY,unknown,unknown,B,,,0,0,0,,not_required,unverified,,,,1,2026-07-31T13:52:42+00:00,2026-08-12T21:40:01+00:00,SUPPORTING_TEA,0.82,"tea identity marker in title: tea; metadata or fulltext is not locally verified, so retrieval remains disabled",0,DOC-000206,1
DOC-000207,Study on the mechanism of the Pu-erh tea (Camellia sinensis var. assamica) extract inhibiting contraction of isolated mouse duodenum,Ailong Sha; Haiyan Hao,2021,journal-article,SRC-000002,https://actavet.vfu.cz/media/pdf/actavet_2021090030321.pdf,https://actavet.vfu.cz/media/pdf/actavet_2021090030321.pdf,METADATA_ONLY,unknown,unknown,B,,,0,0,0,,not_required,unverified,,,,1,2026-07-31T13:52:42+00:00,2026-08-12T21:40:01+00:00,CORE_PUER,1.0,"direct Pu-erh identity marker in title: pu-erh; metadata or fulltext is not locally verified, so retrieval remains disabled",0,DOC-000207,1
DOC-000208,Herbaspirillum sp. ZXN111 Colonization Characters to Different Tea Cultivars and the Effects on Tea Metabolites Profiling on Zijuan (Camellia sinensis var. assamica),,,component,SRC-000002,https://doi.org/10.1021/acs.jafc.3c00050.s001,https://doi.org/10.1021/acs.jafc.3c00050.s001,METADATA_ONLY,unknown,unknown,B,,,0,0,0,,not_required,unverified,,,,1,2026-07-31T13:52:42+00:00,2026-08-12T21:40:01+00:00,SUPPORTING_TEA,0.82,"tea identity marker in title: tea; metadata or fulltext is not locally verified, so retrieval remains disabled",0,DOC-000208,1
DOC-000209,Plant Growth-Promoting Activity of Herbaspirillum aquaticum ZXN111 on the Zijuan Tea Plant (Camellia sinensis var. assamica),,,component,SRC-000002,https://doi.org/10.1021/acs.jafc.1c08178.s001,https://doi.org/10.1021/acs.jafc.1c08178.s001,METADATA_ONLY,unknown,unknown,B,,,0,0,0,,not_required,unverified,,,,1,2026-07-31T13:52:42+00:00,2026-08-12T21:40:01+00:00,SUPPORTING_TEA,0.82,"tea identity marker in title: tea; metadata or fulltext is not locally verified, so retrieval remains disabled",0,DOC-000209,1
DOC-000210,"Potential Geographical Distributions and Spatial Shifts Trends of Ecological Tea Plantations of Camellia Sinensis VAR. Assamica in Yunnan Province, China",Peirou Yang; Weiheng Xu; Xingyong Liu; Leiguang Wang,2024-7-7,proceedings-article,SRC-000002,http://xplorestaging.ieee.org/ielx8/10640349/10640352/10641326.pdf?arnumber=10641326,http://xplorestaging.ieee.org/ielx8/10640349/10640352/10641326.pdf?arnumber=10641326,METADATA_ONLY,unknown,unknown,B,,,0,0,0,,not_required,unverified,,,,1,2026-07-31T13:52:42+00:00,2026-08-12T21:40:01+00:00,SUPPORTING_TEA,0.82,"tea identity marker in title: tea; metadata or fulltext is not locally verified, so retrieval remains disabled",0,DOC-000210,1
DOC-000211,"Influence of nitrogen and potassium on root nutrient and root CEC of different tea cultivars (Camellia sinensis, C. assamica and C. assamica spp. Lasiocalyx)",Jagadish Rajan; Shanmugaselvan Veilumuthu Anandhan,2016-6,journal-article,SRC-000002,https://api.elsevier.com/content/article/PII:S2452219816300362?httpAccept=text/xml,https://api.elsevier.com/content/article/PII:S2452219816300362?httpAccept=text/xml,METADATA_ONLY,unknown,unknown,B,,,0,0,0,,not_required,unverified,,,,1,2026-07-31T13:52:42+00:00,2026-08-12T21:40:01+00:00,SUPPORTING_TEA,0.82,"tea identity marker in title: tea; metadata or fulltext is not locally verified, so retrieval remains disabled",0,DOC-000211,1
DOC-000212,Evaluation of oral subchronic toxicity of Pu-erh green tea (camellia sinensis var. assamica) extract in Sprague Dawley rats,Di Wang; Jie Meng; Kunlong Xu; Rong Xiao; Mengjing Xu; Yang Liu; Yaowu Zhao; Ping Yao; Hong Yan; Liegang Liu,2012-8,journal-article,SRC-000002,https://api.elsevier.com/content/article/PII:S0378874112003984?httpAccept=text/xml,https://api.elsevier.com/content/article/PII:S0378874112003984?httpAccept=text/xml,METADATA_ONLY,unknown,unknown,B,,,0,0,0,,not_required,unverified,,,,1,2026-07-31T13:52:42+00:00,2026-08-12T21:40:01+00:00,CORE_PUER,1.0,"direct Pu-erh identity marker in title: pu-erh; metadata or fulltext is not locally verified, so retrieval remains disabled",0,DOC-000212,1
DOC-000213,Khảo sát đặc điểm thực vật và trình tự gen matK của trà Assam (Camellia sinensis var. assamica),Khấu Hoàng Kim Giao; Nguyễn Huệ Quang; Lê Khả Hào,2026-1-28,journal-article,SRC-000002,https://jst.ntt.edu.vn/index.php/jst/article/download/907/803,https://jst.ntt.edu.vn/index.php/jst/article/download/907/803,METADATA_ONLY,unknown,unknown,B,,,0,0,0,,not_required,unverified,,,,1,2026-07-31T13:52:42+00:00,2026-08-12T21:40:01+00:00,SUPPORTING_TEA,0.82,"tea identity marker in title: camellia sinensis; metadata or fulltext is not locally verified, so retrieval remains disabled",0,DOC-000213,1
DOC-000214,"The green synthesis of Zinc Oxide nanoparticles utilizing Camellia Sinensis var. Assamica found in commercial tea dust, and their broad spectrum antibacterial activity",Ronith Lahoti; Dusty Carroll,2024-10-10,posted-content,SRC-000002,https://chemrxiv.org/doi/pdf/10.26434/chemrxiv-2024-7c8kt-v2,https://chemrxiv.org/doi/pdf/10.26434/chemrxiv-2024-7c8kt-v2,METADATA_ONLY,unknown,unknown,B,,,0,0,0,,not_required,unverified,,,,1,2026-07-31T13:52:42+00:00,2026-08-12T21:40:01+00:00,SUPPORTING_TEA,0.82,"tea identity marker in title: tea; metadata or fulltext is not locally verified, so retrieval remains disabled",0,DOC-000214,1
DOC-000215,"‘Discovery’ of the tea plant Thea assamica (now, Camellia sinensis var. assamica) in the Indian territory in the 1830s",,2021,journal-article,SRC-000002,https://doi.org/10.56042/ijnpr.v12i1.30184,https://doi.org/10.56042/ijnpr.v12i1.30184,METADATA_ONLY,unknown,unknown,B,,,0,0,0,,not_required,unverified,,,,1,2026-07-31T13:52:42+00:00,2026-08-12T21:40:01+00:00,SUPPORTING_TEA,0.82,"tea identity marker in title: tea; metadata or fulltext is not locally verified, so retrieval remains disabled",0,DOC-000215,1
DOC-000216,Predicting Precursor Ions Combined with Fragmentation Pathway for Screening and Identification of Flavan-3-ol Oligomers in Tea (Camellia sinensis. var. assamica),,,component,SRC-000002,https://doi.org/10.1021/jasms.4c00390.s001,https://doi.org/10.1021/jasms.4c00390.s001,METADATA_ONLY,unknown,unknown,B,,,0,0,0,,not_required,unverified,,,,1,2026-07-31T13:52:42+00:00,2026-08-12T21:40:01+00:00,SUPPORTING_TEA,0.82,"tea identity marker in title: tea; metadata or fulltext is not locally verified, so retrieval remains disabled",0,DOC-000216,1
DOC-000217,Metabolites and Transcriptional Profiling Analysis Reveal the Molecular Mechanisms of the Anthocyanin Metabolism in the Zijuan Tea Plant (Camellia sinensis var. assamica),,,component,SRC-000002,https://doi.org/10.1021/acs.jafc.0c06439.s001,https://doi.org/10.1021/acs.jafc.0c06439.s001,METADATA_ONLY,unknown,unknown,B,,,0,0,0,,not_required,unverified,,,,1,2026-07-31T13:52:42+00:00,2026-08-12T21:40:01+00:00,SUPPORTING_TEA,0.82,"tea identity marker in title: tea; metadata or fulltext is not locally verified, so retrieval remains disabled",0,DOC-000217,1
DOC-000218,"Deciphering tea tree chloroplast and mitochondrial genomes of
                  <i>Camellia sinensis</i>
                  var.
                  <i>assamica</i>",Fen Zhang; Wei Li; Cheng-wen Gao; Li-zhi Gao,2019-1-29,posted-content,SRC-000002,https://syndication.highwire.org/content/doi/10.1101/532853,https://syndication.highwire.org/content/doi/10.1101/532853,METADATA_ONLY,unknown,unknown,B,,,0,0,0,,not_required,unverified,,,,1,2026-07-31T13:52:42+00:00,2026-08-12T21:40:01+00:00,SUPPORTING_TEA,0.82,"tea identity marker in title: tea; metadata or fulltext is not locally verified, so retrieval remains disabled",0,DOC-000218,1
DOC-000219,"The green synthesis of Zinc Oxide nanoparticles utilizing Camellia Sinensis var. Assamica found in commercial tea dust, and their broad spectrum antibacterial activity",Ronith Lahoti; Dusty Carroll,2024-9-20,posted-content,SRC-000002,https://chemrxiv.org/doi/pdf/10.26434/chemrxiv-2024-7c8kt,https://chemrxiv.org/doi/pdf/10.26434/chemrxiv-2024-7c8kt,METADATA_ONLY,unknown,unknown,B,,,0,0,0,,not_required,unverified,,,,1,2026-07-31T13:52:42+00:00,2026-08-12T21:40:01+00:00,SUPPORTING_TEA,0.82,"tea identity marker in title: tea; metadata or fulltext is not locally verified, so retrieval remains disabled",0,DOC-000214,0
DOC-000220,"Assessing genetic diversity in Vietnam tea [Camellia sinensis (L.) O. Kuntze] using morphology, inter-simple sequence repeat (ISSR) and microsatellite (SSR) markers",; Thai Dan Vo,,dissertation,SRC-000002,https://doi.org/10.53846/goediss-1693,https://doi.org/10.53846/goediss-1693,METADATA_ONLY,unknown,unknown,B,,,0,0,0,,not_required,unverified,,,,1,2026-07-31T13:52:42+00:00,2026-08-12T21:40:01+00:00,SUPPORTING_TEA,0.82,"tea identity marker in title: tea; metadata or fulltext is not locally verified, so retrieval remains disabled",0,DOC-000220,1
DOC-000221,Predicting Precursor Ions Combined with Fragmentation Pathway for Screening and Identification of Flavan-3-ol Oligomers in Tea (Camellia sinensis. var. assamica),,,component,SRC-000002,https://doi.org/10.1021/jasms.4c00390.s002,https://doi.org/10.1021/jasms.4c00390.s002,METADATA_ONLY,unknown,unknown,B,,,0,0,0,,not_required,unverified,,,,1,2026-07-31T13:52:42+00:00,2026-08-12T21:40:01+00:00,SUPPORTING_TEA,0.82,"tea identity marker in title: tea; metadata or fulltext is not locally verified, so retrieval remains disabled",0,DOC-000221,1
DOC-000222,Metabolites and Transcriptional Profiling Analysis Reveal the Molecular Mechanisms of the Anthocyanin Metabolism in the Zijuan Tea Plant (Camellia sinensis var. assamica),,,component,SRC-000002,https://doi.org/10.1021/acs.jafc.0c06439.s004,https://doi.org/10.1021/acs.jafc.0c06439.s004,METADATA_ONLY,unknown,unknown,B,,,0,0,0,,not_required,unverified,,,,1,2026-07-31T13:52:42+00:00,2026-08-12T21:40:01+00:00,SUPPORTING_TEA,0.82,"tea identity marker in title: tea; metadata or fulltext is not locally verified, so retrieval remains disabled",0,DOC-000222,1
DOC-000223,GENETIC DIVERSITY OF INDONESIAN TEA (CAMELLIA SINENSIS VAR. SINENSIS) CLONES IN RELATION TO MACRONUTRIENT UPTAKE AND GREEN TEA SENSORY QUALITY,H MAULANA,2025-12-31,journal-article,SRC-000002,https://doi.org/10.54910/sabrao2025.57.6.18,https://doi.org/10.54910/sabrao2025.57.6.18,METADATA_ONLY,unknown,unknown,B,,,0,0,0,,not_required,unverified,,,,1,2026-07-31T13:52:42+00:00,2026-08-12T21:40:01+00:00,SUPPORTING_TEA,0.82,"tea identity marker in title: tea; metadata or fulltext is not locally verified, so retrieval remains disabled",0,DOC-000223,1
DOC-000224,Evaluation of reproductive and developmental toxicities of Pu-erh black tea (Camellia sinensis var. assamica) extract in Sprague Dawley rats,Di Wang; Jie Meng; Hui Gao; Kunlong Xu; Rong Xiao; Ying Zhong; Xiao Luo; Ping Yao; Hong Yan; Liegang Liu,2013-6,journal-article,SRC-000002,https://api.elsevier.com/content/article/PII:S0378874113002572?httpAccept=text/xml,https://api.elsevier.com/content/article/PII:S0378874113002572?httpAccept=text/xml,METADATA_ONLY,unknown,unknown,B,,,0,0,0,,not_required,unverified,,,,1,2026-07-31T13:52:42+00:00,2026-08-12T21:40:01+00:00,CORE_PUER,1.0,"direct Pu-erh identity marker in title: pu-erh; metadata or fulltext is not locally verified, so retrieval remains disabled",0,DOC-000224,1
DOC-000225,Assessment of genetic diversity in cultivated Indian tea (Camellia sinensis (L.) Kuntze),Manprit Bajwa; Balwinder S. Bajwa; Arnab Sen,2018-6-30,journal-article,SRC-000002,https://doi.org/10.26679/pleione.30.6.2018.018-030,https://doi.org/10.26679/pleione.30.6.2018.018-030,METADATA_ONLY,unknown,unknown,B,,,0,0,0,,not_required,unverified,,,,1,2026-07-31T13:52:42+00:00,2026-08-12T21:40:01+00:00,SUPPORTING_TEA,0.82,"tea identity marker in title: tea; metadata or fulltext is not locally verified, so retrieval remains disabled",0,DOC-000225,1
DOC-000226,"Genetic diversity of Shan tea (Camellia sinensis var. assamica) from Cao Son Commune, Lao Cai province using RAPD-PCR",Thuy-Lien Bui; Thi-Thuong Ngo; Xuan-Phong Ong; Van-Thiep Nguyen; Thi-Xuyen Ngo; Viet-Hong La,2025-12-30,journal-article,SRC-000002,https://sj.hpu2.edu.vn/index.php/journal/article/download/556/202,https://sj.hpu2.edu.vn/index.php/journal/article/download/556/202,METADATA_ONLY,unknown,unknown,B,,,0,0,0,,not_required,unverified,,,,1,2026-07-31T13:52:42+00:00,2026-08-12T21:40:01+00:00,SUPPORTING_TEA,0.82,"tea identity marker in title: tea; metadata or fulltext is not locally verified, so retrieval remains disabled",0,DOC-000226,1
DOC-000227,Genetic diversity and population structure revealed by Whole Genome Resequencing of Lushan Cloud Mist Tea (Camellia sinensis var. sinensis),Yanli Niu; Dongzhou Xia; Yansong Peng; Zhongxin Duan; Deshui Yu; Xinfeng Jiang; Binsheng Luo,2026-2-17,posted-content,SRC-000002,https://www.researchsquare.com/article/rs-8748651/v1,https://www.researchsquare.com/article/rs-8748651/v1,METADATA_ONLY,unknown,unknown,B,,,0,0,0,,not_required,unverified,,,,1,2026-07-31T13:52:42+00:00,2026-08-12T21:40:01+00:00,SUPPORTING_TEA,0.82,"tea identity marker in title: tea; metadata or fulltext is not locally verified, so retrieval remains disabled",0,DOC-000227,1
DOC-000228,Genetic diversity of tea plants (Camellia sinensis (L.) Kuntze) growing in the Russian humid subtropics,M. V. Gvasaliya,2018-12-17,journal-article,SRC-000002,https://doi.org/10.31360/2225-3068-2018-66-28-34,https://doi.org/10.31360/2225-3068-2018-66-28-34,METADATA_ONLY,unknown,unknown,B,,,0,0,0,,not_required,unverified,,,,1,2026-07-31T13:52:42+00:00,2026-08-12T21:40:01+00:00,SUPPORTING_TEA,0.82,"tea identity marker in title: tea; metadata or fulltext is not locally verified, so retrieval remains disabled",0,DOC-000228,1
DOC-000229,OA classics from Planet eBook,Peter Suber,2008-3-25,posted-content,SRC-000002,https://legacy.earlham.edu/~peters/fos/2008/03/oa-classics-from-planet-ebook.html,https://legacy.earlham.edu/~peters/fos/2008/03/oa-classics-from-planet-ebook.html,METADATA_ONLY,unknown,unknown,B,,,0,0,0,,not_required,unverified,,,,1,2026-07-31T14:04:37+00:00,2026-08-12T21:40:01+00:00,NEEDS_REVIEW,0.0,no reliable tea-domain or exclusion signal,0,DOC-000229,1
DOC-000230,"Online Read Ebook Valencia by Michelle Tea, Maggie Nelson",Walter Cunningham,2026-4-29,report,SRC-000002,https://doi.org/10.55277/researchhub.r8uipcp8.1,https://doi.org/10.55277/researchhub.r8uipcp8.1,METADATA_ONLY,unknown,unknown,B,,,0,0,0,,not_required,unverified,,,,1,2026-07-31T14:04:37+00:00,2026-08-12T21:40:01+00:00,SUPPORTING_TEA,0.82,"tea identity marker in title: tea; metadata or fulltext is not locally verified, so retrieval remains disabled",0,DOC-000230,1
DOC-000231,"[Pdf/ePub] Valencia by Michelle Tea, Maggie Nelson download ebook",Lynn Bangs,2026-5-3,report,SRC-000002,https://doi.org/10.55277/researchhub.cnjqa7w1.1,https://doi.org/10.55277/researchhub.cnjqa7w1.1,METADATA_ONLY,unknown,unknown,B,,,0,0,0,,not_required,unverified,,,,1,2026-07-31T14:04:37+00:00,2026-08-12T21:40:01+00:00,SUPPORTING_TEA,0.82,"tea identity marker in title: tea; metadata or fulltext is not locally verified, so retrieval remains disabled",0,DOC-000231,1
DOC-000232,[Pdf/ePub] Tea You at the Altar by Rebecca Thorne download ebook,Stephan Kelly,2026-5-5,report,SRC-000002,https://doi.org/10.55277/researchhub.fob5unwx.1,https://doi.org/10.55277/researchhub.fob5unwx.1,METADATA_ONLY,unknown,unknown,B,,,0,0,0,,not_required,unverified,,,,1,2026-07-31T14:04:37+00:00,2026-08-12T21:40:01+00:00,SUPPORTING_TEA,0.82,"tea identity marker in title: tea; metadata or fulltext is not locally verified, so retrieval remains disabled",0,DOC-000232,1
DOC-000233,Online Read Ebook Plato Goes to China: The Greek Classics and Chinese Nationalism by Shadi Bartsch,Eldon Spero,2026-4-27,report,SRC-000002,https://doi.org/10.55277/researchhub.9pct7jyt.1,https://doi.org/10.55277/researchhub.9pct7jyt.1,METADATA_ONLY,unknown,unknown,B,,,0,0,0,,not_required,unverified,,,,1,2026-07-31T14:04:37+00:00,2026-08-12T21:40:01+00:00,NEEDS_REVIEW,0.0,no reliable tea-domain or exclusion signal,0,DOC-000233,1
DOC-000234,Setting up a local Wikisource,Roderic Page,2010-3-3,posted-content,SRC-000002,https://iphylo.blogspot.com/2010/03/setting-up-local-wikisource.html,https://iphylo.blogspot.com/2010/03/setting-up-local-wikisource.html,METADATA_ONLY,unknown,unknown,B,,,0,0,0,,not_required,unverified,,,,1,2026-07-31T14:04:37+00:00,2026-08-12T21:40:01+00:00,NEEDS_REVIEW,0.0,no reliable tea-domain or exclusion signal,0,DOC-000234,1
DOC-000235,[Pdf/ePub] Neal Adams' DC Classics Artist's Edition Cover A (Batman Version) by Neal Adams download ebook,Sandra Maddux,2026-5-5,report,SRC-000002,https://doi.org/10.55277/researchhub.sljcxoqu.1,https://doi.org/10.55277/researchhub.sljcxoqu.1,METADATA_ONLY,unknown,unknown,B,,,0,0,0,,not_required,unverified,,,,1,2026-07-31T14:04:37+00:00,2026-08-12T21:40:01+00:00,NEEDS_REVIEW,0.0,no reliable tea-domain or exclusion signal,0,DOC-000235,1
DOC-000236,Tea Planting and Making,Jiahua Zhou,2020,book-chapter,SRC-000002,https://link.springer.com/content/pdf/10.1007/978-981-15-6525-0_20,https://link.springer.com/content/pdf/10.1007/978-981-15-6525-0_20,METADATA_ONLY,unknown,unknown,B,,,0,0,0,,not_required,unverified,,,,1,2026-07-31T14:04:37+00:00,2026-08-12T21:40:01+00:00,SUPPORTING_TEA,0.82,"tea identity marker in title: tea; metadata or fulltext is not locally verified, so retrieval remains disabled",0,DOC-000236,1
DOC-000237,Wikisource as a repository,Peter Suber,2009-6-20,posted-content,SRC-000002,https://legacy.earlham.edu/~peters/fos/2009/06/wikisource-as-repository.html,https://legacy.earlham.edu/~peters/fos/2009/06/wikisource-as-repository.html,METADATA_ONLY,unknown,unknown,B,,,0,0,0,,not_required,unverified,,,,1,2026-07-31T14:04:37+00:00,2026-08-12T21:40:01+00:00,NEEDS_REVIEW,0.0,no reliable tea-domain or exclusion signal,0,DOC-000237,1
DOC-000238,Wikisource session,Nicolas Vigneron,2021-10-19,journal-article,SRC-000002,https://septentrio.uit.no/index.php/SCS/article/download/5946/6251,https://septentrio.uit.no/index.php/SCS/article/download/5946/6251,METADATA_ONLY,unknown,unknown,B,,,0,0,0,,not_required,unverified,,,,1,2026-07-31T14:04:37+00:00,2026-08-12T21:40:01+00:00,NEEDS_REVIEW,0.0,no reliable tea-domain or exclusion signal,0,DOC-000238,1
DOC-000239,Home by Tea-time:,Deborah Ross,2000-3-20,book-chapter,SRC-000002,https://doi.org/10.2307/j.ctt18fs93w.15,https://doi.org/10.2307/j.ctt18fs93w.15,METADATA_ONLY,unknown,unknown,B,,,0,0,0,,not_required,unverified,,,,1,2026-07-31T14:04:37+00:00,2026-08-12T21:40:01+00:00,SUPPORTING_TEA,0.82,"tea identity marker in title: tea; metadata or fulltext is not locally verified, so retrieval remains disabled",0,DOC-000239,1
DOC-000240,Wikisource and the Scholarly Book,Christian Vandendorpe,2013-4-15,journal-article,SRC-000002,https://src-online.ca/index.php/src/article/download/58/146,https://src-online.ca/index.php/src/article/download/58/146,METADATA_ONLY,unknown,unknown,B,,,0,0,0,,not_required,unverified,,,,1,2026-07-31T14:04:37+00:00,2026-08-12T21:40:01+00:00,NEEDS_REVIEW,0.0,no reliable tea-domain or exclusion signal,0,DOC-000240,1
DOC-000241,Intertextuality Computing of Chinese Tea Classics,Miao Fang; Yi Jiang; Qi Zhao; Xin Jiang,2009,proceedings-article,SRC-000002,http://xplorestaging.ieee.org/ielx5/5361789/5362099/05362227.pdf?arnumber=5362227,http://xplorestaging.ieee.org/ielx5/5361789/5362099/05362227.pdf?arnumber=5362227,METADATA_ONLY,unknown,unknown,B,,,0,0,0,,not_required,unverified,,,,1,2026-07-31T14:04:37+00:00,2026-08-12T21:40:01+00:00,SUPPORTING_TEA,0.82,"tea identity marker in title: tea; metadata or fulltext is not locally verified, so retrieval remains disabled",0,DOC-000241,1
DOC-000242,A Study on Machine Translation of Register-Specific Terms in Tea Classics,Jiang Xin; Zhao Lixin; Wu Di,2009-7,proceedings-article,SRC-000002,http://xplorestaging.ieee.org/ielx5/5210823/5210824/05211149.pdf?arnumber=5211149,http://xplorestaging.ieee.org/ielx5/5210823/5210824/05211149.pdf?arnumber=5211149,METADATA_ONLY,unknown,unknown,B,,,0,0,0,,not_required,unverified,,,,1,2026-07-31T14:04:37+00:00,2026-08-12T21:40:01+00:00,SUPPORTING_TEA,0.82,"tea identity marker in title: tea; metadata or fulltext is not locally verified, so retrieval remains disabled",0,DOC-000242,1
DOC-000243,"Wikipédia, Wikimedia Commons et Wikisource, un eldorado de visibilité",William Yoakim,2020-2-17,journal-article,SRC-000002,https://doi.org/10.7202/1067524ar,https://doi.org/10.7202/1067524ar,METADATA_ONLY,unknown,unknown,B,,,0,0,0,,not_required,unverified,,,,1,2026-07-31T14:04:37+00:00,2026-08-12T21:40:01+00:00,NEEDS_REVIEW,0.0,no reliable tea-domain or exclusion signal,0,DOC-000243,1
DOC-000244,Building Arabic corpora from Wikisource,Imene Bensalem; Salim Chikhi; Paolo Rosso,2013-5,proceedings-article,SRC-000002,http://xplorestaging.ieee.org/ielx7/6597907/6616408/06616474.pdf?arnumber=6616474,http://xplorestaging.ieee.org/ielx7/6597907/6616408/06616474.pdf?arnumber=6616474,METADATA_ONLY,unknown,unknown,B,,,0,0,0,,not_required,unverified,,,,1,2026-07-31T14:04:37+00:00,2026-08-12T21:40:01+00:00,NEEDS_REVIEW,0.0,no reliable tea-domain or exclusion signal,0,DOC-000244,1
DOC-000245,Rich Texts: Wikisource as an Open Access Repository for Law and the Humanities,Timothy K. Armstrong,2010,journal-article,SRC-000002,https://doi.org/10.2139/ssrn.1566148,https://doi.org/10.2139/ssrn.1566148,METADATA_ONLY,unknown,unknown,B,,,0,0,0,,not_required,unverified,,,,1,2026-07-31T14:04:37+00:00,2026-08-12T21:40:01+00:00,NEEDS_REVIEW,0.0,no reliable tea-domain or exclusion signal,0,DOC-000245,1
DOC-000246,Multilayer Anchor Alignment in AC-E Parallel Corpora of Chinese Tea Classics,Jiang Yi; Jiang Xin; Wang Dapeng,2009-6,proceedings-article,SRC-000002,http://xplorestaging.ieee.org/ielx5/5230910/5230911/05231285.pdf?arnumber=5231285,http://xplorestaging.ieee.org/ielx5/5230910/5230911/05231285.pdf?arnumber=5231285,METADATA_ONLY,unknown,unknown,B,,,0,0,0,,not_required,unverified,,,,1,2026-07-31T14:04:37+00:00,2026-08-12T21:40:01+00:00,SUPPORTING_TEA,0.82,"tea identity marker in title: tea; metadata or fulltext is not locally verified, so retrieval remains disabled",0,DOC-000246,1
DOC-000247,Patchwork Paratexts and Monstrous Metapoetics: “After tea M reads Ovid”,Genevieve Liveley,2018,book-chapter,SRC-000002,https://doi.org/10.5040/9781350054912.ch-001,https://doi.org/10.5040/9781350054912.ch-001,METADATA_ONLY,unknown,unknown,B,,,0,0,0,,not_required,unverified,,,,1,2026-07-31T14:04:37+00:00,2026-08-12T21:40:01+00:00,SUPPORTING_TEA,0.82,"tea identity marker in title: tea; metadata or fulltext is not locally verified, so retrieval remains disabled",0,DOC-000247,1
DOC-000248,Automatic Word Segmentation for Chinese Classics of Tea Based on Tree-Pruning,Miao Fang; Yi Jiang; Qi Zhao; Xin Jiang,2009,proceedings-article,SRC-000002,http://xplorestaging.ieee.org/ielx5/5361789/5362099/05362115.pdf?arnumber=5362115,http://xplorestaging.ieee.org/ielx5/5361789/5362099/05362115.pdf?arnumber=5362115,METADATA_ONLY,unknown,unknown,B,,,0,0,0,,not_required,unverified,,,,1,2026-07-31T14:04:37+00:00,2026-08-12T21:40:01+00:00,SUPPORTING_TEA,0.82,"tea identity marker in title: tea; metadata or fulltext is not locally verified, so retrieval remains disabled",0,DOC-000248,1
DOC-000249,A study on manufacturing method of Choui tea - Focused on site research shown on records in classics and literature,정서경,2016-12,journal-article,SRC-000002,https://doi.org/10.17790/kors.2016..59.205,https://doi.org/10.17790/kors.2016..59.205,METADATA_ONLY,unknown,unknown,B,,,0,0,0,,not_required,unverified,,,,1,2026-07-31T14:04:37+00:00,2026-08-12T21:40:01+00:00,SUPPORTING_TEA,0.82,"tea identity marker in title: tea; metadata or fulltext is not locally verified, so retrieval remains disabled",0,DOC-000249,1
DOC-000250,Wikisource as a tool for OCR transcription correction: The National Library of Scotland’s response to COVID-19,Gavin Willshaw,2021-9-15,book-chapter,SRC-000002,https://doi.org/10.3998/mpub.11778416.ch18.en,https://doi.org/10.3998/mpub.11778416.ch18.en,METADATA_ONLY,unknown,unknown,B,,,0,0,0,,not_required,unverified,,,,1,2026-07-31T14:04:37+00:00,2026-08-12T21:40:01+00:00,NEEDS_REVIEW,0.0,no reliable tea-domain or exclusion signal,0,DOC-000250,1
DOC-000251,EBOOK - MARCO AURELIO descargar ebook gratis,Lee Werner,2026-5-1,report,SRC-000002,https://doi.org/10.55277/researchhub.vk28jv3t.1,https://doi.org/10.55277/researchhub.vk28jv3t.1,METADATA_ONLY,unknown,unknown,B,,,0,0,0,,not_required,unverified,,,,1,2026-07-31T14:04:37+00:00,2026-08-12T21:40:01+00:00,NEEDS_REVIEW,0.0,no reliable tea-domain or exclusion signal,0,DOC-000251,1
DOC-000252,Tea Party Women: Why They Join and Why They Matter,Margaret Power,2016-11-7,journal-article,SRC-000002,http://link.springer.com/content/pdf/10.1007/s11199-016-0703-1.pdf,http://link.springer.com/content/pdf/10.1007/s11199-016-0703-1.pdf,METADATA_ONLY,unknown,unknown,B,,,0,0,0,,not_required,unverified,,,,1,2026-07-31T14:04:37+00:00,2026-08-12T21:40:01+00:00,SUPPORTING_TEA,0.82,"tea identity marker in title: tea; metadata or fulltext is not locally verified, so retrieval remains disabled",0,DOC-000252,1
DOC-000279,Online Read Ebook No Domain: The John McAfee Tapes by,Lisa Brandt,2026-5-2,report,SRC-000002,https://doi.org/10.55277/researchhub.o7hw43yp.1,https://doi.org/10.55277/researchhub.o7hw43yp.1,METADATA_ONLY,unknown,unknown,B,,,0,0,0,,not_required,unverified,,,,1,2026-07-31T14:06:09+00:00,2026-08-12T21:40:01+00:00,NEEDS_REVIEW,0.0,no reliable tea-domain or exclusion signal,0,DOC-000279,1
DOC-000280,Figure 4: Domain analysis of PP2A proteins in tea plant.,,,component,SRC-000002,https://doi.org/10.7717/peerj.19431/fig-4,https://doi.org/10.7717/peerj.19431/fig-4,METADATA_ONLY,unknown,unknown,B,,,0,0,0,,not_required,unverified,,,,1,2026-07-31T14:06:09+00:00,2026-08-12T21:40:01+00:00,SUPPORTING_TEA,0.82,"tea identity marker in title: tea; metadata or fulltext is not locally verified, so retrieval remains disabled",0,DOC-000280,1
DOC-000281,Public Domain,,2018,other,SRC-000002,https://doi.org/10.5040/9781350983120,https://doi.org/10.5040/9781350983120,METADATA_ONLY,unknown,unknown,B,,,0,0,0,,not_required,unverified,,,,1,2026-07-31T14:06:09+00:00,2026-08-12T21:40:01+00:00,NEEDS_REVIEW,0.0,no reliable tea-domain or exclusion signal,0,DOC-000281,1
DOC-000282,Public Domain,,1996,other,SRC-000002,https://doi.org/10.5040/9781350909090,https://doi.org/10.5040/9781350909090,METADATA_ONLY,unknown,unknown,B,,,0,0,0,,not_required,unverified,,,,1,2026-07-31T14:06:09+00:00,2026-08-12T21:40:01+00:00,NEEDS_REVIEW,0.0,no reliable tea-domain or exclusion signal,0,DOC-000282,1
DOC-000283,"Online Read Ebook JFK: Public, Private, Secret by J. Randy Taraborrelli",Michael Rodriguez,2026-4-28,report,SRC-000002,https://doi.org/10.55277/researchhub.01m6bfmd.1,https://doi.org/10.55277/researchhub.01m6bfmd.1,METADATA_ONLY,unknown,unknown,B,,,0,0,0,,not_required,unverified,,,,1,2026-07-31T14:06:09+00:00,2026-08-12T21:40:01+00:00,NEEDS_REVIEW,0.0,no reliable tea-domain or exclusion signal,0,DOC-000283,1
DOC-000284,eBook Readers,Linda Frederiksen,2012-7-1,journal-article,SRC-000002,https://www.tandfonline.com/doi/pdf/10.1080/15228959.2012.700247,https://www.tandfonline.com/doi/pdf/10.1080/15228959.2012.700247,METADATA_ONLY,unknown,unknown,B,,,0,0,0,,not_required,unverified,,,,1,2026-07-31T14:06:09+00:00,2026-08-12T21:40:01+00:00,NEEDS_REVIEW,0.0,no reliable tea-domain or exclusion signal,0,DOC-000284,1
DOC-000285,TEA Domain Family Member 2,,2018,book-chapter,SRC-000002,http://link.springer.com/content/pdf/10.1007/978-3-319-67199-4_103774,http://link.springer.com/content/pdf/10.1007/978-3-319-67199-4_103774,METADATA_ONLY,unknown,unknown,B,,,0,0,0,,not_required,unverified,,,,1,2026-07-31T14:06:09+00:00,2026-08-12T21:40:01+00:00,SUPPORTING_TEA,0.82,"tea identity marker in title: tea; metadata or fulltext is not locally verified, so retrieval remains disabled",0,DOC-000285,1
DOC-000286,TEA Domain Family Member 4,,2012,book-chapter,SRC-000002,https://link.springer.com/content/pdf/10.1007/978-1-4419-0461-4_101326,https://link.springer.com/content/pdf/10.1007/978-1-4419-0461-4_101326,METADATA_ONLY,unknown,unknown,B,,,0,0,0,,not_required,unverified,,,,1,2026-07-31T14:06:09+00:00,2026-08-12T21:40:01+00:00,SUPPORTING_TEA,0.82,"tea identity marker in title: tea; metadata or fulltext is not locally verified, so retrieval remains disabled",0,DOC-000286,1
DOC-000287,TEA Domain Family Member 1,,2018,book-chapter,SRC-000002,http://link.springer.com/content/pdf/10.1007/978-3-319-67199-4_103773,http://link.springer.com/content/pdf/10.1007/978-3-319-67199-4_103773,METADATA_ONLY,unknown,unknown,B,,,0,0,0,,not_required,unverified,,,,1,2026-07-31T14:06:09+00:00,2026-08-12T21:40:01+00:00,SUPPORTING_TEA,0.82,"tea identity marker in title: tea; metadata or fulltext is not locally verified, so retrieval remains disabled",0,DOC-000287,1
DOC-000288,TEA Domain Family Member 1,,2012,book-chapter,SRC-000002,https://link.springer.com/content/pdf/10.1007/978-1-4419-0461-4_101323,https://link.springer.com/content/pdf/10.1007/978-1-4419-0461-4_101323,METADATA_ONLY,unknown,unknown,B,,,0,0,0,,not_required,unverified,,,,1,2026-07-31T14:06:09+00:00,2026-08-12T21:40:01+00:00,SUPPORTING_TEA,0.82,"tea identity marker in title: tea; metadata or fulltext is not locally verified, so retrieval remains disabled",0,DOC-000287,0
DOC-000289,TEA Domain Family Member 2,,2012,book-chapter,SRC-000002,https://link.springer.com/content/pdf/10.1007/978-1-4419-0461-4_101324,https://link.springer.com/content/pdf/10.1007/978-1-4419-0461-4_101324,METADATA_ONLY,unknown,unknown,B,,,0,0,0,,not_required,unverified,,,,1,2026-07-31T14:06:09+00:00,2026-08-12T21:40:01+00:00,SUPPORTING_TEA,0.82,"tea identity marker in title: tea; metadata or fulltext is not locally verified, so retrieval remains disabled",0,DOC-000285,0
DOC-000290,TEA Domain Family Member 3,,2012,book-chapter,SRC-000002,https://link.springer.com/content/pdf/10.1007/978-1-4419-0461-4_101325,https://link.springer.com/content/pdf/10.1007/978-1-4419-0461-4_101325,METADATA_ONLY,unknown,unknown,B,,,0,0,0,,not_required,unverified,,,,1,2026-07-31T14:06:09+00:00,2026-08-12T21:40:01+00:00,SUPPORTING_TEA,0.82,"tea identity marker in title: tea; metadata or fulltext is not locally verified, so retrieval remains disabled",0,DOC-000290,1
DOC-000291,TEA Domain Family Member 4,,2018,book-chapter,SRC-000002,http://link.springer.com/content/pdf/10.1007/978-3-319-67199-4_103776,http://link.springer.com/content/pdf/10.1007/978-3-319-67199-4_103776,METADATA_ONLY,unknown,unknown,B,,,0,0,0,,not_required,unverified,,,,1,2026-07-31T14:06:09+00:00,2026-08-12T21:40:01+00:00,SUPPORTING_TEA,0.82,"tea identity marker in title: tea; metadata or fulltext is not locally verified, so retrieval remains disabled",0,DOC-000286,0
DOC-000292,TEA Domain Family Member 3,,2018,book-chapter,SRC-000002,http://link.springer.com/content/pdf/10.1007/978-3-319-67199-4_103775,http://link.springer.com/content/pdf/10.1007/978-3-319-67199-4_103775,METADATA_ONLY,unknown,unknown,B,,,0,0,0,,not_required,unverified,,,,1,2026-07-31T14:06:09+00:00,2026-08-12T21:40:01+00:00,SUPPORTING_TEA,0.82,"tea identity marker in title: tea; metadata or fulltext is not locally verified, so retrieval remains disabled",0,DOC-000290,0
DOC-000293,"A Description of a Public Tea-Drinking', The Register of Folly",Markman Ellis,2024-7-17,book-chapter,SRC-000002,https://doi.org/10.4324/9781003553595-15,https://doi.org/10.4324/9781003553595-15,METADATA_ONLY,unknown,unknown,B,,,0,0,0,,not_required,unverified,,,,1,2026-07-31T14:06:09+00:00,2026-08-12T21:40:01+00:00,SUPPORTING_TEA,0.82,"tea identity marker in title: tea; metadata or fulltext is not locally verified, so retrieval remains disabled",0,DOC-000293,1
DOC-000294,The Public Domain and Public Sector Information,Richard Susskind,2007-4-25,book-chapter,SRC-000002,https://china.elgaronline.com/view/9781845428747.00016.xml,https://china.elgaronline.com/view/9781845428747.00016.xml,METADATA_ONLY,unknown,unknown,B,,,0,0,0,,not_required,unverified,,,,1,2026-07-31T14:06:09+00:00,2026-08-12T21:40:01+00:00,NEEDS_REVIEW,0.0,no reliable tea-domain or exclusion signal,0,DOC-000294,1
DOC-000295,The Public Interest in the Public Domain,Gillian Davies,2007-4-25,book-chapter,SRC-000002,https://china.elgaronline.com/view/9781845428747.00010.xml,https://china.elgaronline.com/view/9781845428747.00010.xml,METADATA_ONLY,unknown,unknown,B,,,0,0,0,,not_required,unverified,,,,1,2026-07-31T14:06:09+00:00,2026-08-12T21:40:01+00:00,NEEDS_REVIEW,0.0,no reliable tea-domain or exclusion signal,0,DOC-000295,1
DOC-000296,Policy domain or public domain at a time of globalization,,2005-7-8,book-chapter,SRC-000002,https://doi.org/10.4324/9780203996706-11,https://doi.org/10.4324/9780203996706-11,METADATA_ONLY,unknown,unknown,B,,,0,0,0,,not_required,unverified,,,,1,2026-07-31T14:06:09+00:00,2026-08-12T21:40:01+00:00,NEEDS_REVIEW,0.0,no reliable tea-domain or exclusion signal,0,DOC-000296,1
DOC-000297,"Effects of green tea, black tea and Rooibos tea on angiotensin-converting enzyme and nitric oxide in healthy volunteers",Ingrid A-L Persson; Karin Persson; Staffan Hägg; Rolf GG Andersson,2010-2-10,journal-article,SRC-000002,https://www.cambridge.org/core/services/aop-cambridge-core/content/view/S1368980010000170,https://www.cambridge.org/core/services/aop-cambridge-core/content/view/S1368980010000170,METADATA_ONLY,unknown,unknown,B,,,0,0,0,,not_required,unverified,,,,1,2026-07-31T14:06:09+00:00,2026-08-12T21:40:01+00:00,SUPPORTING_TEA,0.82,"tea identity marker in title: tea; metadata or fulltext is not locally verified, so retrieval remains disabled",0,DOC-000297,1
DOC-000298,Copyright’s Public Domain,Ronan Deazley,2007-4-25,book-chapter,SRC-000002,https://china.elgaronline.com/view/9781845428747.00007.xml,https://china.elgaronline.com/view/9781845428747.00007.xml,METADATA_ONLY,unknown,unknown,B,,,0,0,0,,not_required,unverified,,,,1,2026-07-31T14:06:09+00:00,2026-08-12T21:40:01+00:00,NEEDS_REVIEW,0.0,no reliable tea-domain or exclusion signal,0,DOC-000298,1
DOC-000299,Spilling the Tea on Librarians Spill the Tea: How to start a podcast,Mary Elizabeth Schiavone; Tristan MK Draper,2026-6-10,journal-article,SRC-000002,https://www.tandfonline.com/doi/pdf/10.1080/15228959.2026.2683343,https://www.tandfonline.com/doi/pdf/10.1080/15228959.2026.2683343,METADATA_ONLY,unknown,unknown,B,,,0,0,0,,not_required,unverified,,,,1,2026-07-31T14:06:09+00:00,2026-08-12T21:40:01+00:00,SUPPORTING_TEA,0.82,"tea identity marker in title: tea; metadata or fulltext is not locally verified, so retrieval remains disabled",0,DOC-000299,1
DOC-000300,"Public domain, public interest, public funding",Peter Suber,2005-7-5,posted-content,SRC-000002,https://legacy.earlham.edu/~peters/fos/2005/07/public-domain-public-interest-public.html,https://legacy.earlham.edu/~peters/fos/2005/07/public-domain-public-interest-public.html,METADATA_ONLY,unknown,unknown,B,,,0,0,0,,not_required,unverified,,,,1,2026-07-31T14:06:09+00:00,2026-08-12T21:40:01+00:00,NEEDS_REVIEW,0.0,no reliable tea-domain or exclusion signal,0,DOC-000300,1
DOC-000327,Testing Google&amp;#39;s restrictions on Google-scanned public-domain books,Peter Suber,2007-1-11,posted-content,SRC-000002,https://legacy.earlham.edu/~peters/fos/2007/01/testing-googles-restrictions-on-google.html,https://legacy.earlham.edu/~peters/fos/2007/01/testing-googles-restrictions-on-google.html,METADATA_ONLY,unknown,unknown,B,,,0,0,0,,not_required,unverified,,,,1,2026-07-31T14:08:12+00:00,2026-08-12T21:40:01+00:00,NEEDS_REVIEW,0.0,no reliable tea-domain or exclusion signal,0,DOC-000327,1
DOC-000328,Google creates and searches OCR&amp;#39;d editions of scanned texts,Peter Suber,2008-11-3,posted-content,SRC-000002,https://legacy.earlham.edu/~peters/fos/2008/11/google-creates-and-searches-ocr.html,https://legacy.earlham.edu/~peters/fos/2008/11/google-creates-and-searches-ocr.html,METADATA_ONLY,unknown,unknown,B,,,0,0,0,,not_required,unverified,,,,1,2026-07-31T14:08:12+00:00,2026-08-12T21:40:01+00:00,NEEDS_REVIEW,0.0,no reliable tea-domain or exclusion signal,0,DOC-000328,1
DOC-000329,IMPROVED OCR QUALITY FOR SMART SCANNED DOCUMENT MANAGEMENT SYSTEM,Viet Anh Pham,2022-5-14,journal-article,SRC-000002,https://doi.org/10.56651/lqdtu.jst.v9.n01.60.ict,https://doi.org/10.56651/lqdtu.jst.v9.n01.60.ict,METADATA_ONLY,unknown,unknown,B,,,0,0,0,,not_required,unverified,,,,1,2026-07-31T14:08:12+00:00,2026-08-12T21:40:01+00:00,NEEDS_REVIEW,0.0,no reliable tea-domain or exclusion signal,0,DOC-000329,1
DOC-000330,Turkish OCR on mobile and scanned document images,Kurtulus Karasu; Muhammet Bastan,2015-5,proceedings-article,SRC-000002,http://xplorestaging.ieee.org/ielx7/7116933/7129794/07130278.pdf?arnumber=7130278,http://xplorestaging.ieee.org/ielx7/7116933/7129794/07130278.pdf?arnumber=7130278,METADATA_ONLY,unknown,unknown,B,,,0,0,0,,not_required,unverified,,,,1,2026-07-31T14:08:12+00:00,2026-08-12T21:40:01+00:00,NEEDS_REVIEW,0.0,no reliable tea-domain or exclusion signal,0,DOC-000330,1
DOC-000331,Conversion of Scanned Documents to Text Documents Using OCR Techniques,,2023-6-30,journal-article,SRC-000002,https://doi.org/10.56726/irjmets42700,https://doi.org/10.56726/irjmets42700,METADATA_ONLY,unknown,unknown,B,,,0,0,0,,not_required,unverified,,,,1,2026-07-31T14:08:12+00:00,2026-08-12T21:40:01+00:00,NEEDS_REVIEW,0.0,no reliable tea-domain or exclusion signal,0,DOC-000331,1
DOC-000332,Diacritic-Aware Post-OCR Correction for Vietnamese Scanned Documents: A Lightweight Baseline for Low-Quality Document Digitization,Nguyễn Tuệ An; Trần Thị Lan,2026,posted-content,SRC-000002,https://doi.org/10.2139/ssrn.6919778,https://doi.org/10.2139/ssrn.6919778,METADATA_ONLY,unknown,unknown,B,,,0,0,0,,not_required,unverified,,,,1,2026-07-31T14:08:12+00:00,2026-08-12T21:40:01+00:00,NEEDS_REVIEW,0.0,no reliable tea-domain or exclusion signal,0,DOC-000332,1
DOC-000333,Diacritic-Aware Post-OCR Correction for Vietnamese Scanned Documents: A Lightweight Baseline for Low-Quality Document Digitization,Nguyễn Tuệ An; Trần Thị Lan,2026-7-7,posted-content,SRC-000002,https://www.researchsquare.com/article/rs-10241038/v1,https://www.researchsquare.com/article/rs-10241038/v1,METADATA_ONLY,unknown,unknown,B,,,0,0,0,,not_required,unverified,,,,1,2026-07-31T14:08:12+00:00,2026-08-12T21:40:01+00:00,NEEDS_REVIEW,0.0,no reliable tea-domain or exclusion signal,0,DOC-000332,0
DOC-000334,Preparing Persian/Arabic Scanned Images for OCR,S. Shirali-Shahreza; M.T. Manzuri-Shalmani; M.H. Shirali-Shahreza,,proceedings-article,SRC-000002,http://xplorestaging.ieee.org/ielx5/11100/35470/01684574.pdf?arnumber=1684574,http://xplorestaging.ieee.org/ielx5/11100/35470/01684574.pdf?arnumber=1684574,METADATA_ONLY,unknown,unknown,B,,,0,0,0,,not_required,unverified,,,,1,2026-07-31T14:08:12+00:00,2026-08-12T21:40:01+00:00,NEEDS_REVIEW,0.0,no reliable tea-domain or exclusion signal,0,DOC-000334,1
DOC-000335,H-OCR: A Hybrid OCR Approach to Vietnamese Scanned Administrative Text Recognition,Bui Cong Thanh; Nguyen The Hung; Nguyen Trung Dung; Nguyen Anh Tu; Nguyen Van Anh; Le Thi Quynh; Le Xuan Duc,2025-11-6,proceedings-article,SRC-000002,http://xplorestaging.ieee.org/ielx8/11308152/11308157/11309655.pdf?arnumber=11309655,http://xplorestaging.ieee.org/ielx8/11308152/11308157/11309655.pdf?arnumber=11309655,METADATA_ONLY,unknown,unknown,B,,,0,0,0,,not_required,unverified,,,,1,2026-07-31T14:08:12+00:00,2026-08-12T21:40:01+00:00,NEEDS_REVIEW,0.0,no reliable tea-domain or exclusion signal,0,DOC-000335,1
DOC-000336,Sixteenth scanned page of recipe book,,,component,SRC-000002,https://doi.org/10.3998/mpub.13245026.cmp.6682x746f,https://doi.org/10.3998/mpub.13245026.cmp.6682x746f,METADATA_ONLY,unknown,unknown,B,,,0,0,0,,not_required,unverified,,,,1,2026-07-31T14:08:12+00:00,2026-08-12T21:40:01+00:00,NEEDS_REVIEW,0.0,no reliable tea-domain or exclusion signal,0,DOC-000336,1
DOC-000337,Fifth scanned page of recipe book,,,component,SRC-000002,https://doi.org/10.3998/mpub.13245026.cmp.rj430824x,https://doi.org/10.3998/mpub.13245026.cmp.rj430824x,METADATA_ONLY,unknown,unknown,B,,,0,0,0,,not_required,unverified,,,,1,2026-07-31T14:08:12+00:00,2026-08-12T21:40:01+00:00,NEEDS_REVIEW,0.0,no reliable tea-domain or exclusion signal,0,DOC-000337,1
DOC-000338,Sixtieth scanned page of recipe book,,,component,SRC-000002,https://doi.org/10.3998/mpub.13245026.cmp.4q77fw15h,https://doi.org/10.3998/mpub.13245026.cmp.4q77fw15h,METADATA_ONLY,unknown,unknown,B,,,0,0,0,,not_required,unverified,,,,1,2026-07-31T14:08:12+00:00,2026-08-12T21:40:01+00:00,NEEDS_REVIEW,0.0,no reliable tea-domain or exclusion signal,0,DOC-000338,1
DOC-000339,Fourteenth scanned page of recipe book,,,component,SRC-000002,https://doi.org/10.3998/mpub.13245026.cmp.2b88qh01p,https://doi.org/10.3998/mpub.13245026.cmp.2b88qh01p,METADATA_ONLY,unknown,unknown,B,,,0,0,0,,not_required,unverified,,,,1,2026-07-31T14:08:12+00:00,2026-08-12T21:40:01+00:00,NEEDS_REVIEW,0.0,no reliable tea-domain or exclusion signal,0,DOC-000339,1
DOC-000340,Seventeenth scanned page of recipe book,,,component,SRC-000002,https://doi.org/10.3998/mpub.13245026.cmp.1z40kx15h,https://doi.org/10.3998/mpub.13245026.cmp.1z40kx15h,METADATA_ONLY,unknown,unknown,B,,,0,0,0,,not_required,unverified,,,,1,2026-07-31T14:08:12+00:00,2026-08-12T21:40:01+00:00,NEEDS_REVIEW,0.0,no reliable tea-domain or exclusion signal,0,DOC-000340,1
DOC-000341,Eleventh scanned page of recipe book,,,component,SRC-000002,https://doi.org/10.3998/mpub.13245026.cmp.jm214s31k,https://doi.org/10.3998/mpub.13245026.cmp.jm214s31k,METADATA_ONLY,unknown,unknown,B,,,0,0,0,,not_required,unverified,,,,1,2026-07-31T14:08:12+00:00,2026-08-12T21:40:01+00:00,NEEDS_REVIEW,0.0,no reliable tea-domain or exclusion signal,0,DOC-000341,1
DOC-000342,Eighteenth scanned page of recipe book,,,component,SRC-000002,https://doi.org/10.3998/mpub.13245026.cmp.x346d768j,https://doi.org/10.3998/mpub.13245026.cmp.x346d768j,METADATA_ONLY,unknown,unknown,B,,,0,0,0,,not_required,unverified,,,,1,2026-07-31T14:08:12+00:00,2026-08-12T21:40:01+00:00,NEEDS_REVIEW,0.0,no reliable tea-domain or exclusion signal,0,DOC-000342,1
DOC-000343,Fortieth scanned page of recipe book,,,component,SRC-000002,https://doi.org/10.3998/mpub.13245026.cmp.3197xq665,https://doi.org/10.3998/mpub.13245026.cmp.3197xq665,METADATA_ONLY,unknown,unknown,B,,,0,0,0,,not_required,unverified,,,,1,2026-07-31T14:08:12+00:00,2026-08-12T21:40:01+00:00,NEEDS_REVIEW,0.0,no reliable tea-domain or exclusion signal,0,DOC-000343,1
DOC-000344,Sixth scanned page of recipe book,,,component,SRC-000002,https://doi.org/10.3998/mpub.13245026.cmp.mp48sh466,https://doi.org/10.3998/mpub.13245026.cmp.mp48sh466,METADATA_ONLY,unknown,unknown,B,,,0,0,0,,not_required,unverified,,,,1,2026-07-31T14:08:12+00:00,2026-08-12T21:40:01+00:00,NEEDS_REVIEW,0.0,no reliable tea-domain or exclusion signal,0,DOC-000344,1
DOC-000345,Tenth scanned page of recipe book,,,component,SRC-000002,https://doi.org/10.3998/mpub.13245026.cmp.g158bm602,https://doi.org/10.3998/mpub.13245026.cmp.g158bm602,METADATA_ONLY,unknown,unknown,B,,,0,0,0,,not_required,unverified,,,,1,2026-07-31T14:08:12+00:00,2026-08-12T21:40:01+00:00,NEEDS_REVIEW,0.0,no reliable tea-domain or exclusion signal,0,DOC-000345,1
DOC-000346,Fifteenth scanned page of recipe book,,,component,SRC-000002,https://doi.org/10.3998/mpub.13245026.cmp.cz30px12f,https://doi.org/10.3998/mpub.13245026.cmp.cz30px12f,METADATA_ONLY,unknown,unknown,B,,,0,0,0,,not_required,unverified,,,,1,2026-07-31T14:08:12+00:00,2026-08-12T21:40:01+00:00,NEEDS_REVIEW,0.0,no reliable tea-domain or exclusion signal,0,DOC-000346,1
DOC-000347,Eighth scanned page of recipe book,,,component,SRC-000002,https://doi.org/10.3998/mpub.13245026.cmp.bc386p00p,https://doi.org/10.3998/mpub.13245026.cmp.bc386p00p,METADATA_ONLY,unknown,unknown,B,,,0,0,0,,not_required,unverified,,,,1,2026-07-31T14:08:12+00:00,2026-08-12T21:40:01+00:00,NEEDS_REVIEW,0.0,no reliable tea-domain or exclusion signal,0,DOC-000347,1
DOC-000348,Twentieth scanned page of recipe book,,,component,SRC-000002,https://doi.org/10.3998/mpub.13245026.cmp.dz010t79m,https://doi.org/10.3998/mpub.13245026.cmp.dz010t79m,METADATA_ONLY,unknown,unknown,B,,,0,0,0,,not_required,unverified,,,,1,2026-07-31T14:08:12+00:00,2026-08-12T21:40:01+00:00,NEEDS_REVIEW,0.0,no reliable tea-domain or exclusion signal,0,DOC-000348,1
DOC-000349,Cleaning Dirty Books: Post-OCR Processing for Previously Scanned Texts,Allen Kim; Charuta Pethe; Naoya Inoue; Steve Skiena,2021,proceedings-article,SRC-000002,https://doi.org/10.18653/v1/2021.findings-emnlp.356,https://doi.org/10.18653/v1/2021.findings-emnlp.356,METADATA_ONLY,unknown,unknown,B,,,0,0,0,,not_required,unverified,,,,1,2026-07-31T14:08:12+00:00,2026-08-12T21:40:01+00:00,NEEDS_REVIEW,0.0,no reliable tea-domain or exclusion signal,0,DOC-000349,1
DOC-000350,Nineteenth scanned page of recipe book,,,component,SRC-000002,https://doi.org/10.3998/mpub.13245026.cmp.rv042x78v,https://doi.org/10.3998/mpub.13245026.cmp.rv042x78v,METADATA_ONLY,unknown,unknown,B,,,0,0,0,,not_required,unverified,,,,1,2026-07-31T14:08:12+00:00,2026-08-12T21:40:02+00:00,NEEDS_REVIEW,0.0,no reliable tea-domain or exclusion signal,0,DOC-000350,1
DOC-000351,Seventh scanned page of recipe book,,,component,SRC-000002,https://doi.org/10.3998/mpub.13245026.cmp.fq977z411,https://doi.org/10.3998/mpub.13245026.cmp.fq977z411,METADATA_ONLY,unknown,unknown,B,,,0,0,0,,not_required,unverified,,,,1,2026-07-31T14:08:12+00:00,2026-08-12T21:40:02+00:00,NEEDS_REVIEW,0.0,no reliable tea-domain or exclusion signal,0,DOC-000351,1
DOC-000378,Skeletonization of Laser-Scanned Trees in the 3D Raster Domain,Ben Gorte,,book-chapter,SRC-000002,http://link.springer.com/content/pdf/10.1007/978-3-540-36998-1_29.pdf,http://link.springer.com/content/pdf/10.1007/978-3-540-36998-1_29.pdf,METADATA_ONLY,unknown,unknown,B,,,0,0,0,,not_required,unverified,,,,1,2026-07-31T14:09:01+00:00,2026-08-12T21:40:02+00:00,NEEDS_REVIEW,0.0,no reliable tea-domain or exclusion signal,0,DOC-000378,1
DOC-000379,Blog notes from public domain conference,Gavin Baker,2008-11-26,posted-content,SRC-000002,https://legacy.earlham.edu/~peters/fos/2008/11/blog-notes-from-public-domain.html,https://legacy.earlham.edu/~peters/fos/2008/11/blog-notes-from-public-domain.html,METADATA_ONLY,unknown,unknown,B,,,0,0,0,,not_required,unverified,,,,1,2026-07-31T14:09:01+00:00,2026-08-12T21:40:02+00:00,NEEDS_REVIEW,0.0,no reliable tea-domain or exclusion signal,0,DOC-000379,1
DOC-000380,The Public Domain Song Anthology,Mikkel Vad,2021,journal-article,SRC-000002,https://doi.org/10.1353/not.2021.0045,https://doi.org/10.1353/not.2021.0045,METADATA_ONLY,unknown,unknown,B,,,0,0,0,,not_required,unverified,,,,1,2026-07-31T14:09:01+00:00,2026-08-12T21:40:02+00:00,NEEDS_REVIEW,0.0,no reliable tea-domain or exclusion signal,0,DOC-000380,1
DOC-000381,Notes,,2022-7-12,book-chapter,SRC-000002,https://doi.org/10.2307/j.ctv2rb759m.17,https://doi.org/10.2307/j.ctv2rb759m.17,METADATA_ONLY,unknown,unknown,B,,,0,0,0,,not_required,unverified,,,,1,2026-07-31T14:09:01+00:00,2026-08-12T21:40:02+00:00,NEEDS_REVIEW,0.0,no reliable tea-domain or exclusion signal,0,DOC-000381,1
DOC-000382,Notes,,2022-12-31,book-chapter,SRC-000002,https://www.degruyter.com/document/doi/10.56687/9781529220636-015/xml,https://www.degruyter.com/document/doi/10.56687/9781529220636-015/xml,METADATA_ONLY,unknown,unknown,B,,,0,0,0,,not_required,unverified,,,,1,2026-07-31T14:09:01+00:00,2026-08-12T21:40:02+00:00,NEEDS_REVIEW,0.0,no reliable tea-domain or exclusion signal,0,DOC-000382,1
DOC-000383,Notes from the COMMUNIA workshop on the public domain,Peter Suber,2008-1-26,posted-content,SRC-000002,https://legacy.earlham.edu/~peters/fos/2008/01/notes-from-communia-workshop-on-public.html,https://legacy.earlham.edu/~peters/fos/2008/01/notes-from-communia-workshop-on-public.html,METADATA_ONLY,unknown,unknown,B,,,0,0,0,,not_required,unverified,,,,1,2026-07-31T14:09:01+00:00,2026-08-12T21:40:02+00:00,NEEDS_REVIEW,0.0,no reliable tea-domain or exclusion signal,0,DOC-000383,1
DOC-000384,Choral Public Domain Library (review),,2008-6,journal-article,SRC-000002,https://doi.org/10.1353/not.0.0017,https://doi.org/10.1353/not.0.0017,METADATA_ONLY,unknown,unknown,B,,,0,0,0,,not_required,unverified,,,,1,2026-07-31T14:09:01+00:00,2026-08-12T21:40:02+00:00,NEEDS_REVIEW,0.0,no reliable tea-domain or exclusion signal,0,DOC-000384,1
DOC-000385,Development of Spatial Domain Algorithms for Feature Detection in MRI Scanned Images,Rashmi Shivanadhuni; Martha Sheshikala,2026,book-chapter,SRC-000002,https://link.springer.com/content/pdf/10.1007/978-3-032-19684-2_2,https://link.springer.com/content/pdf/10.1007/978-3-032-19684-2_2,METADATA_ONLY,unknown,unknown,B,,,0,0,0,,not_required,unverified,,,,1,2026-07-31T14:09:01+00:00,2026-08-12T21:40:02+00:00,NEEDS_REVIEW,0.0,no reliable tea-domain or exclusion signal,0,DOC-000385,1
DOC-000386,Notes,,2010-6-1,book-chapter,SRC-000002,https://www.cambridge.org/core/services/aop-cambridge-core/content/view/2F0F91BAD362EF3891A0E8F64B805B1B,https://www.cambridge.org/core/services/aop-cambridge-core/content/view/2F0F91BAD362EF3891A0E8F64B805B1B,METADATA_ONLY,unknown,unknown,B,,,0,0,0,,not_required,unverified,,,,1,2026-07-31T14:09:01+00:00,2026-08-12T21:40:02+00:00,NEEDS_REVIEW,0.0,no reliable tea-domain or exclusion signal,0,DOC-000386,1
DOC-000387,Notes and Further Readings,,2017-12-31,book-chapter,SRC-000002,https://www.degruyterbrill.com/document/doi/10.12987/9780300142754-013/xml,https://www.degruyterbrill.com/document/doi/10.12987/9780300142754-013/xml,METADATA_ONLY,unknown,unknown,B,,,0,0,0,,not_required,unverified,,,,1,2026-07-31T14:09:01+00:00,2026-08-12T21:40:02+00:00,NEEDS_REVIEW,0.0,no reliable tea-domain or exclusion signal,0,DOC-000387,1
DOC-000388,Text and image sharpening of scanned images in the JPEG domain,V. Bhasharan; K. Konstantinides; G. Beretta,,proceedings-article,SRC-000002,http://xplorestaging.ieee.org/ielx5/4998/13789/00638759.pdf?arnumber=638759,http://xplorestaging.ieee.org/ielx5/4998/13789/00638759.pdf?arnumber=638759,METADATA_ONLY,unknown,unknown,B,,,0,0,0,,not_required,unverified,,,,1,2026-07-31T14:09:01+00:00,2026-08-12T21:40:02+00:00,NEEDS_REVIEW,0.0,no reliable tea-domain or exclusion signal,0,DOC-000388,1
DOC-000389,"FORMULATION, ASSESSMENT, AND MONITORING – THE MECHANISMS OF THE PROJECT CYCLE MANAGEMENT IN THE PUBLIC DOMAIN",O.B. Tsisinska,2022,journal-article,SRC-000002,https://doi.org/10.32782/tnu-2663-6468/2022.5/17,https://doi.org/10.32782/tnu-2663-6468/2022.5/17,METADATA_ONLY,unknown,unknown,B,,,0,0,0,,not_required,unverified,,,,1,2026-07-31T14:09:01+00:00,2026-08-12T21:40:02+00:00,NEEDS_REVIEW,0.0,no reliable tea-domain or exclusion signal,0,DOC-000389,1
DOC-000390,Notes,James R. Fichter,2023-12-15,book-chapter,SRC-000002,https://doi.org/10.7591/cornell/9781501773211.002.0011,https://doi.org/10.7591/cornell/9781501773211.002.0011,METADATA_ONLY,unknown,unknown,B,,,0,0,0,,not_required,unverified,,,,1,2026-07-31T14:09:01+00:00,2026-08-12T21:40:02+00:00,NEEDS_REVIEW,0.0,no reliable tea-domain or exclusion signal,0,DOC-000390,1
DOC-000391,Fourier domain analysis on continuously scanned structured illumination microscopy,Ki-Nam Joo,2012-4-17,journal-article,SRC-000002,http://stacks.iop.org/0957-0233/23/i=5/a=057002/pdf,http://stacks.iop.org/0957-0233/23/i=5/a=057002/pdf,METADATA_ONLY,unknown,unknown,B,,,0,0,0,,not_required,unverified,,,,1,2026-07-31T14:09:01+00:00,2026-08-12T21:40:02+00:00,NEEDS_REVIEW,0.0,no reliable tea-domain or exclusion signal,0,DOC-000391,1
